genome,cluster,score
MAG_37.fa,1_1,98.60106814129699
WalshL_xxxx__H3_S87__bin.11.fa,2_0,79.01129824221827
WalshL_xxxx__H3_S87__bin.16.fa,3_0,51.720242045032286
EBC_088.16.fa,4_0,90.91205907157575
MASTER_WP4_UNINA_2__E-22__bin.7.fa,5_0,87.63147895702465
MASTER_WP4_UNINA_2__E-22__bin.3.fa,6_0,91.94129432980642
TomarS_2023__SRR15925267__bin.15.fa,7_1,102.35342900632159
MAG_30.fa,7_2,27.772465353956793
EBC_088.5.fa,8_1,97.26924676790073
MAG_490.fa,9_0,90.41222764999918
MotaGutierrezJ_2021__SRR11602153__bin.4.fa,10_1,102.10571166090347
ODFM-BA-A-0009-005_Bacillus_velezensis_YJ11-1-4.fa,11_1,102.45881499863859
MS_bin.1.fa,11_2,100.46435069353517
MAG_314.fa,12_1,84.14191470008784
MAG_366.fa,12_2,28.119815505803512
MASTER_WP4_UNINA_2__P-22__bin.7.fa,13_0,60.13067457300352
MASTER_WP4_UNINA_2__C-22__bin.5.fa,14_1,99.91579864474927
MAG_500.fa,15_1,100.86673479737985
LiZ_2018__SRS2920551__bin.1.fa,15_2,90.8639128932459
LeechJ_xxxx__AF43__bin.10.fa,16_0,79.65940135125474
MASTER_WP4_CSIC_1__P2134_73322__bin.21.fa,17_1,98.80544468000117
MAG_352.fa,18_0,97.80635738044523
CM_UNINA_FFOOD__FFOOD_281__bin.3.fa,19_1,61.928594051189705
MASTER_WP4_TEAGASC_1__TGS14-22__bin.29.fa,20_0,74.99073112372268
YulandiA_2020__SRS6115053__bin.23.fa,21_0,98.03293450002361
YulandiA_2020__SRS6115052__bin.1.fa,22_0,65.46272025773816
MASTER_WP4_UNINA_1__PM012_71775__bin.13.fa,23_0,63.438650732174196
MASTER_WP4_UNINA_2__V-21__bin.37.fa,24_0,63.363055059819814
YouL_2022__SRR13308528__bin.16.fa,25_0,77.12826555998481
CM_UNINA_FFOOD__FFOOD_385__bin.9.fa,26_1,99.98265721795586
MASTER_WP4_UNINA_1__PM007_71775__bin.2.fa,27_0,83.44693830254985
GCF_007833675.1_ASM783367v1_genomic.fa,28_0,93.45755162992158
LeechJ_xxxx__AF43__bin.11.fa,29_0,82.33189206997069
LeechJ_xxxx__AF43__bin.3.fa,30_0,75.59721189868384
ZhaoCC_2020__SRS5803191__bin.31.fa,31_0,63.951466918830874
ZhaoCC_2020__SRS5803192__bin.31.fa,32_0,63.66246367976967
MAG_630.fa,33_1,101.19193918488092
We5_bin.circ.3.fa,34_1,102.37012162753021
We6_bin.circ.4.fa,34_2,102.35357958664382
We6_bin.full.13.fa,34_3,99.99465845084602
ODFM-BA-A-0127-001_Megasphaera_cerevisiae_NSB1.fa,35_0,92.04360390172744
ODFM-BA-A-0128-001_Pectinatus_frisingensis_MB139.fa,36_0,95.71977532234547
MAG_440.fa,37_1,95.68220162847732
MASTER_WP4_FFoQSI_1__VB-09-M7__bin.53.fa,38_0,94.11432533883944
MASTER_WP4_FFoQSI_1__RC17-F-AR__bin.29.fa,39_1,97.77700209237723
MASTER_WP4_FFoQSI_1__RC17-F-BR__bin.32.fa,40_0,52.806214220428394
EBC_089.4.fa,41_0,61.553275804543325
MASTER_WP4_FFoQSI_1__VB-05-BD__bin.46.fa,42_0,84.38348962900945
AlvarezOrdonezA_xxxx__R04-18__bin.10.fa,43_1,81.2497173807415
MagliuloR_2024__SRR28235359__bin.3.fa,44_1,102.24660029650005
MASTER_WP4_FFoQSI_2__VB11-26__bin.7.fa,45_1,101.15804448158222
MASTER_WP4_FFoQSI_1__DC18-02__bin.11.fa,46_0,58.91382898033136
DeFilippisF_xxxx__DS_111__bin.11.fa,47_1,84.33921302874283
LopezSanchezR_2023__SRR13708567__bin.13.fa,48_0,65.56738465700772
ChaconVargasK_2020__SRS6087094__bin.10.fa,49_1,79.97018876671649
MASTER_WP4_FFoQSI_2__VB06-21__bin.6.fa,50_1,91.73785933824001
MASTER_WP4_CSIC_1__P2232_73323__bin.6.fa,51_0,88.64467330056306
MAG_312.fa,52_1,101.9316885731697
MASTER_WP4_UNINA_1__PM002_71775__bin.13.fa,53_1,95.71970774624675
MAG_196.fa,54_0,100.61843990779921
MASTER_WP4_TEAGASC_1__TGS15-30__bin.21.fa,55_0,55.942216688030555
AlvarezOrdonezA_xxxx__C07-19__bin.8.fa,56_1,82.16422920989876
Wy5_bin.lin.34.fa,57_1,98.23545883680075
181.fa,58_1,99.63295732214695
MASTER_WP4_UNINA_1__GR002_73417__bin.7.fa,58_2,75.18565093751704
MASTER_WP4_CSIC_2__P2578__bin.9.fa,59_1,91.71368361496138
FalardeauJ_2023__SRR20811274__bin.6.fa,59_2,101.46730920317646
MASTER_WP4_CSIC_2__P2584__bin.5.fa,60_1,100.27216722865784
FontanaF_2023__SRR20746954__bin.5.fa,61_1,62.120819194239715
MASTER_WP4_FFoQSI_3__VB14-22__bin.41.fa,62_0,55.47765885600136
WalshAM_2020__ERS3466737__bin.1.fa,63_1,51.12650052489601
AlvarezOrdonezA_xxxx__Q06-29__bin.4.fa,63_2,73.96248338898388
MASTER_WP4_CSIC_1__P2135_73322__bin.7.fa,63_3,96.14604060785734
MASTER_WP4_TEAGASC_1__TGS14-22__bin.58.fa,64_0,54.52665293175596
Wy2_bin.circ.5.fa,65_0,97.40873228789282
MASTER_WP4_TEAGASC_1__TGS01-22__bin.24.fa,66_1,97.30073505406249
182.fa,66_2,100.3948123964382
180.fa,67_1,100.25034457264908
MAG_409.fa,67_2,13.36352052002117
O4_bin.circ.1.fa,68_1,95.18099765904257
175.fa,68_2,97.21311339666909
MAG_176.fa,69_1,96.4811649686011
AlvarezOrdonezA_xxxx__R03-19__bin.22.fa,70_0,64.37185387812961
MASTER_WP4_FFoQSI_3__VB14-22__bin.35.fa,71_0,94.45460282438566
AlvarezOrdonezA_xxxx__Q08-22__bin.9.fa,72_0,95.88926057484578
MASTER_WP4_UNINA_2__U-22__bin.12.fa,73_0,99.48101245818611
MacoriG_2019__CS_R42__bin.6.fa,74_1,98.27586419039423
MacoriG_2019__CS_R33__bin.1.fa,75_1,95.23400300690832
MASTER_WP4_TEAGASC_1__TGS04-28__bin.21.fa,76_1,54.16206575504294
WalshAM_2020__ERS3466749__bin.4.fa,76_2,54.35437626481399
We2_bin.full.44.fa,76_3,91.09592270150655
We2_bin.circ.8.fa,77_1,88.67112881063332
ODFM-BA-A-0160-001_Vibrio_casei_JB196.fa,78_1,95.02059164815019
MAG_18.fa,79_1,49.23635311325551
MASTER_WP4_CSIC_2__P2619__bin.31.fa,79_2,56.01440969459915
MASTER_WP4_CSIC_2__P2603__bin.2.fa,79_3,76.81900397753304
DeFilippisF_xxxx__DF_9__bin.12.fa,79_4,44.054251838123726
MAG_632.fa,80_1,90.98943726287722
MAG_452.fa,81_1,50.53559226851501
We2_bin.full.36.fa,82_1,98.77512604891884
MAG_90.fa,83_1,86.5016060137172
FalardeauJ_2023__SRR20811282__bin.3.fa,84_1,102.00318032005791
MASTER_WP4_UNINA_2__V-29__bin.28.fa,85_0,59.37939298364578
CM_UNINA_FFOOD__FFOOD_254__bin.8.fa,86_1,92.28074053709246
MAG_72.fa,87_1,100.04920904779637
MASTER_WP4_TEAGASC_1__TGS06-22__bin.15.fa,87_2,82.39696520389347
MASTER_WP4_FFoQSI_1__RC17-F-BR__bin.37.fa,88_1,100.42351456068043
MAG_406.fa,88_2,100.1103365061912
MASTER_WP4_TEAGASC_1__TGS01-22__bin.6.fa,88_3,97.40271218137048
AlvarezOrdonezA_xxxx__Q05-22__bin.10.fa,88_4,101.24272277414963
MASTER_WP4_FFoQSI_1__VB14-F-AR__bin.13.fa,89_1,96.35809560039942
MASTER_WP4_CSIC_1__P2237_73323__bin.8.fa,90_0,84.0478366423279
YasirM_2022__SRR18334999__bin.1.fa,91_0,49.737762957519635
MAG_308.fa,92_1,72.63792708158104
DeFilippisF_xxxx__DF_58__bin.5.fa,93_1,100.88181321158667
MASTER_WP4_CSIC_1__P2138_73322__bin.7.fa,94_1,98.74099479354194
MASTER_WP4_FFoQSI_1__VB-16-M15__bin.1.fa,95_1,99.61783521904383
MortensenS_xxxx__WK035-2-G-48h-04B2_S111__bin.2.fa,96_1,99.1085098482315
MortensenS_xxxx__WK069-2-L-48h-05D2_S81__bin.2.fa,97_1,98.94115240944068
MortensenS_xxxx__WK066-2-L-48h-05B8_S69__bin.3.fa,98_1,96.88107252414711
MortensenS_xxxx__WK069-1-L-48h-05C9_S79__bin.1.fa,99_0,89.59223574973524
MAG_546.fa,100_1,73.63277633156095
MAG_539.fa,101_0,69.18310314854156
LeechJ_xxxx__AF59__bin.6.fa,102_0,98.36274556860153
WalshL_xxxx__H3_S87__bin.19.fa,103_0,88.97097782027681
ZhaoCC_2020__SRS5803195__bin.4.fa,104_1,87.84908230650538
AlvarezOrdonezA_xxxx__Q08-22__bin.23.fa,105_0,67.53693789736471
MASTER_WP4_FFoQSI_3__VB14-22__bin.17.fa,106_0,86.34134402329362
MASTER_WP4_CSIC_1__P2137_73322__bin.2.fa,107_0,83.0190362805306
MAG_489.fa,108_0,81.4014271727081
MotaGutierrezJ_2021__SRR11602153__bin.8.fa,109_1,96.9821382380281
MortensenS_xxxx__WK069-2-L-48h-05D2_S81__bin.3.fa,110_1,93.5424118789838
MASTER_WP4_TEAGASC_1__TGS05-22__bin.3.fa,111_0,80.18627981388163
MASTER_WP4_UNINA_1__FO007_71775__bin.32.fa,112_1,102.3847863422172
ODFM-BA-A-0172-001_Clostridium_tyrobutyricum_FAM22553.fa,113_1,101.01031541059396
DeFilippisF_xxxx__DF_104__bin.11.fa,113_2,88.45651421291565
CM_UNINA_FFOOD__FFOOD_397__bin.5.fa,114_0,101.32665133278915
EBC_089.11.fa,115_0,66.60217024072904
ZhaoCC_2020__SRS5803193__bin.7.fa,116_0,75.34620379513734
ZhaoCC_2020__SRS5803194__bin.11.fa,117_0,45.79784996990885
ZhaoCC_2020__SRS5803194__bin.24.fa,118_1,94.30512879478917
ZhaoCC_2020__SRS5803192__bin.11.fa,119_1,81.15876014843279
ZhaoCC_2020__SRS5803193__bin.13.fa,119_2,55.507331596209966
ZhaoCC_2020__SRS5803193__bin.3.fa,120_0,83.54381671140561
ZhaoCC_2020__SRS5803195__bin.23.fa,121_0,81.30242868036788
ZhaoCC_2020__SRS5803192__bin.16.fa,122_0,57.889401910064166
ZhaoCC_2020__SRS5803194__bin.35.fa,123_0,42.383391945027775
MASTER_WP4_UNINA_1__GO004_71775__bin.2.fa,124_0,69.48291828278458
MAG_184.fa,125_0,58.221104636494
ZhaoCC_2020__SRS5803195__bin.39.fa,126_0,89.27415674030487
MASTER_WP4_FFoQSI_3__VB13-30__bin.23.fa,127_1,94.67224365551556
MASTER_WP4_FFoQSI_1__KM-5G__bin.38.fa,128_1,82.53388135859801
MASTER_WP4_FFoQSI_3__VB07-30__bin.41.fa,129_1,99.19390464116672
MASTER_WP4_UNINA_1__FO007_71775__bin.37.fa,130_0,92.26024029881502
MAG_100.fa,131_0,89.48436437110045
MAG_188.fa,132_0,98.58816864394478
LeechJ_xxxx__AF57__bin.1.fa,133_1,95.85830378756943
LeechJ_xxxx__AF15__bin.7.fa,134_0,89.41317854951775
EBC_133.14.fa,135_0,81.03117964875966
AlvarezOrdonezA_xxxx__R03-19__bin.21.fa,136_0,52.49921037025878
DeFilippisF_xxxx__DF_59__bin.12.fa,137_0,83.13467460184508
LeechJ_xxxx__AF53__bin.10.fa,138_1,63.83832688994808
EBC_134.5.fa,139_1,59.0023512303712
LeechJ_xxxx__AF66__bin.10.fa,139_2,49.13847471367302
MortensenS_xxxx__WK066-2-G-48h-05I1_S125__bin.1.fa,140_0,91.18998240046521
YouL_2022__SRR13308534__bin.20.fa,141_0,87.14519177030382
WalshL_xxxx__H3_S87__bin.33.fa,142_0,74.21796208328963
Imad_S-8.bin.4.fa,143_0,82.45463707989572
We4_bin.full.28.fa,144_1,99.39069241473334
MASTER_WP4_CSIC_1__P2136_73322__bin.14.fa,145_0,95.29919189443878
MASTER_WP4_CSIC_1__P2137_73322__bin.38.fa,146_0,83.4595831359707
MASTER_WP4_CSIC_1__P2134_73322__bin.26.fa,147_1,56.10519269716515
MASTER_WP4_TEAGASC_1__TGS11-22__bin.5.fa,147_2,96.9253066241759
MASTER_WP4_CSIC_1__P2137_73322__bin.60.fa,147_3,87.1561825027847
MASTER_WP4_TEAGASC_1__TGS13-22__bin.10.fa,148_1,87.70871762489492
MASTER_WP4_CSIC_1__P2134_73322__bin.12.fa,149_0,96.95506398468034
MASTER_WP4_FFoQSI_1__RC17-F-AR__bin.15.fa,150_1,67.72496352820804
MASTER_WP4_FFoQSI_1__VB-09-AG__bin.31.fa,150_2,73.77744205002548
MASTER_WP4_CSIC_1__P2137_73322__bin.21.fa,150_3,78.93744838456429
MASTER_WP4_FFoQSI_1__RC17-F-AR__bin.48.fa,151_1,87.5983152734545
MASTER_WP4_TEAGASC_1__TGS01-22__bin.26.fa,152_0,56.83902005867147
MASTER_WP4_CSIC_1__P2137_73322__bin.45.fa,153_0,62.854635429048294
LeechJ_xxxx__AF26__bin.14.fa,154_0,71.2745213170431
MASTER_WP4_UNINA_2__N-22__bin.20.fa,155_0,92.69386394004323
MASTER_WP4_FFoQSI_1__KM-2G__bin.45.fa,156_1,92.98697460147514
CM_UNINA_FFOOD__FFOOD_329__bin.15.fa,157_0,97.26633366152737
MAG_131.fa,158_1,77.16669153641595
YuY_2022__SRR16950700__bin.19.fa,159_1,85.99620081930698
GCF_001437605.1_ASM143760v1_genomic.fa,160_0,97.5000269443832
EBC_084.37.fa,161_0,67.14641975542256
ODFM-BA-A-0109-002_Lentibacillus_jeotgali_GrbiT.fa,162_0,100.14737775445873
MAG_33.fa,163_0,85.31764072910575
MAG_427.fa,164_1,55.388952304078344
MAG_145.fa,165_0,22.389939543200615
LeechJ_xxxx__AF47__bin.6.fa,166_1,95.14818486183724
LeechJ_xxxx__AF56__bin.5.fa,166_2,84.12065297172687
LeechJ_xxxx__AF15__bin.6.fa,167_0,70.57231765158338
YulandiA_2020__SRS6115052__bin.6.fa,168_0,90.75768686902965
MASTER_WP4_CSIC_1__P2137_73322__bin.66.fa,169_0,98.99664038312227
MASTER_WP4_UNINA_1__FO007_71775__bin.2.fa,170_0,90.31197681440352
AlvarezOrdonezA_xxxx__C04-18__bin.7.fa,171_0,73.555063806538
MASTER_WP4_CSIC_2__P2545__bin.25.fa,172_0,31.047030450635212
LiZ_2018__SRS2920551__bin.15.fa,173_1,95.80568282393357
MASTER_WP4_CSIC_1__P2217_73323__bin.9.fa,174_1,97.80616680149161
MASTER_WP4_CSIC_2__P2638__bin.9.fa,175_1,97.83443594598964
AlvarezOrdonezA_xxxx__C06-18__bin.23.fa,176_0,69.5061376052494
DuR_2020__DRS139334__bin.17.fa,177_1,52.73200359181578
LeechJ_2020__ERS3967694__bin.3.fa,178_1,69.29060814656255
ChaconVargasK_2020__SRS6087090__bin.7.fa,179_1,98.69515891847891
LandisEA_2021__SRS5653399__bin.4.fa,180_1,98.70158316901998
GCF_001702115.1_ASM170211v1_genomic.fa,181_0,97.77146709135859
DeFilippisF_xxxx__DF_41__bin.12.fa,182_1,87.67893423211407
GCF_900116935.1_Chromosome_genomic.fa,183_1,93.57078217462428
LeechJ_xxxx__AF57__bin.8.fa,184_1,97.19164507225258
ODFM-BA-A-0133-001_Listeria_monocytogenes_N11-2542.fa,185_0,101.38347508854395
ChaconVargasK_2020__SRS6087091__bin.5.fa,186_1,79.55999912721988
MASTER_WP4_CSIC_2__P2630__bin.28.fa,186_2,51.49532683273815
C-R03.bin.7.fa,187_1,101.1233465233237
MASTER_WP4_FFoQSI_3__VB14-22__bin.50.fa,188_1,96.52734522529086
YangC_2021__SRR13259378__bin.10.fa,189_0,82.0183354403124
LeechJ_xxxx__AF06__bin.8.fa,190_0,65.96031727793466
MASTER_WP4_CSIC_1__P2238_73323__bin.12.fa,191_1,94.52076731136617
AlvarezOrdonezA_xxxx__C05-18__bin.5.fa,192_1,101.76472856462873
DeFilippisF_xxxx__DS_2__bin.27.fa,193_1,100.98949332674029
MASTER_WP4_FFoQSI_3__VB07-22__bin.2.fa,194_1,101.57340533560502
AlvarezOrdonezA_xxxx__Q05-22__bin.4.fa,195_1,101.69371933058436
S3.2_bin.2.fa,195_2,100.74969050625634
ODFM-BA-A-0149-001_Enterococcus_malodoratus_DSM_20681.fa,196_1,77.94114482397255
MASTER_WP4_UNINA_1__GO004_71775__bin.8.fa,197_1,72.00102449095216
MASTER_WP4_UNINA_1__SR008_71775__bin.23.fa,198_0,87.35087710084179
KharnaiorP_2023__SRR22859377__bin.10.fa,199_1,83.89317392480015
YulandiA_2020__SRS6115053__bin.10.fa,200_1,98.25358234158338
MAG_45.fa,201_1,86.4178328998563
GCF_001885995.1_ASM188599v1_genomic.fa,202_1,101.40844804926003
YulandiA_2020__SRS6115052__bin.8.fa,203_0,84.06428608222983
MASTER_WP4_CSIC_1__P2235_73323__bin.9.fa,204_1,102.23559174299987
MASTER_WP4_TEAGASC_1__TGS12-29__bin.6.fa,205_1,101.92175868034509
ODFM-BA-A-0139-001_Enterococcus_lactis_CICC_24101.fa,205_2,102.26562029700555
FontanaF_2023__SRR20746834__bin.2.fa,206_1,99.99220739416715
CM_UNINA_FFOOD__FFOOD_226__bin.6.fa,207_0,78.39392809121676
MASTER_WP4_FFoQSI_1__VB-06-AD__bin.9.fa,208_1,83.89026482762954
MASTER_WP4_CSIC_1__P2249_73323__bin.15.fa,209_0,67.96566656042941
MASTER_WP4_UNINA_1__PU007_71775__bin.15.fa,210_0,76.33120728303751
MASTER_WP4_UNINA_1__TA012_71775__bin.5.fa,211_1,99.12712162137763
LeechJ_2020__ERS3967702__bin.2.fa,212_0,69.76705951400652
MASTER_WP4_UNINA_1__GO004_71775__bin.16.fa,213_0,54.67742479516953
ZhaoCC_2020__SRS5803194__bin.38.fa,214_0,78.90635958443131
YulandiA_2020__SRS6115052__bin.11.fa,215_1,88.73357340035231
PatroJN_2016__SRS1044731__bin.7.fa,216_1,96.75195931884478
LeechJ_xxxx__AF43__bin.12.fa,217_0,86.44048690262078
ZhaoCC_2020__SRS5803194__bin.17.fa,218_0,59.42171772164387
MAG_595.fa,219_1,83.12509663200973
MAG_611.fa,220_1,40.376103516537384
KharnaiorP_2023__SRR22859377__bin.9.fa,221_1,100.63626005267388
MASTER_WP4_FFoQSI_1__VB-09-AG__bin.57.fa,222_0,41.88630603851842
MASTER_WP4_FFoQSI_1__VB12-F-BR__bin.37.fa,223_0,84.81295711151463
DeFilippisF_xxxx__DF_59__bin.13.fa,224_1,44.31791357822585
MASTER_WP4_UNINA_1__GO004_71775__bin.17.fa,224_2,74.17972991251234
MAG_191.fa,225_0,67.61793497765947
LimaC_2020__SRR9640350__bin.12.fa,226_0,98.8384252929238
MASTER_WP4_UNINA_1__GO013_71775__bin.23.fa,227_0,68.18289295367977
MASTER_WP4_CSIC_2__P2558__bin.17.fa,228_1,93.48135230693079
MASTER_WP4_CSIC_2__P2558__bin.48.fa,229_1,81.66915779399591
MASTER_WP4_CSIC_1__P2239_73323__bin.32.fa,230_1,90.80604303826479
LeechJ_xxxx__AF57__bin.5.fa,231_1,85.41278528901655
LeechJ_xxxx__AF10__bin.16.fa,232_0,56.500021492563036
MAG_589.fa,233_0,50.8976516667112
MASTER_WP4_FFoQSI_1__VB-15-M10__bin.23.fa,234_1,89.92905831788487
MASTER_WP4_CSIC_1__P2239_73323__bin.20.fa,235_1,84.16652603934043
EBC_089.14.fa,236_0,67.78365192441699
AlvarezOrdonezA_xxxx__Q05-26__bin.2.fa,237_0,55.05108215817366
LeechJ_xxxx__AF83__bin.7.fa,238_0,82.70775511330122
DeFilippisF_xxxx__DS_13__bin.14.fa,239_1,91.67010859685054
FalardeauJ_2023__SRR20811285__bin.2.fa,239_2,102.4156179273554
ODFM-BA-A-0167-001_Staphylococcus_succinus_BC15.fa,240_1,98.15294212426076
MASTER_WP4_FFoQSI_1__DC18-F-AR__bin.16.fa,241_1,102.37232444416442
YangC_2021__SRR13259377__bin.4.fa,242_1,102.16131351766212
YangC_2021__SRR13259378__bin.4.fa,242_2,102.14262347437156
KumarJ_2019__SRS4562503__bin.5.fa,243_1,93.13649142739663
MAG_112.fa,244_1,96.62376425454516
EBC_090.9.fa,245_0,66.43444311436028
Vreta_bin.2.fa,246_0,87.10212674843314
LiZ_2018__SRS2920551__bin.19.fa,247_0,55.41195582622646
ODFM-BA-A-0136-001_Staphylococcus_aureus_18SBCL679.fa,248_1,102.20560379221857
L1.2_bin.2.fa,249_0,98.37501589049376
PB_bin.2.fa,250_0,94.67733522208314
AlvarezOrdonezA_xxxx__Q06-25__bin.5.fa,251_1,101.5899064852219
YouL_2022__SRR13308521__bin.12.fa,252_0,52.725679696376915
MASTER_WP4_CSIC_1__P2177_73322__bin.4.fa,253_0,88.12671090145399
LeechJ_xxxx__AF24__bin.1.fa,254_1,98.45885024849859
178.fa,255_1,96.34230231617424
LeechJ_xxxx__AF45__bin.9.fa,255_2,75.8978205230677
MAG_180.fa,255_3,21.59178793987513
MASTER_WP4_FFoQSI_1__VB-15-M11__bin.27.fa,256_1,87.10217778140812
KharnaiorP_2023__SRR22859379__bin.2.fa,256_2,94.9498293561115
MAG_594.fa,257_1,84.88377158555419
FalardeauJ_2023__SRR20811284__bin.4.fa,258_1,102.19745086494302
CM_UNINA_FFOOD__FFOOD_289__bin.18.fa,259_0,80.25502569877523
MotaGutierrezJ_2021__SRR11602145__bin.17.fa,260_1,81.70222929796539
LeechJ_xxxx__AF80__bin.2.fa,261_1,93.62832916728604
GCF_001050115.1_ASM105011v1_genomic.fa,262_0,101.35373619611809
MAG_194.fa,263_0,68.98119103746639
YouL_2022__SRR13308537__bin.18.fa,264_1,97.55401906556483
MAG_608.fa,265_1,89.37217067774154
MAG_488.fa,265_2,7.704584866082601
LiZ_2018__SRS2920550__bin.21.fa,265_3,76.45316203718167
LeechJ_xxxx__AF45__bin.7.fa,266_0,83.2949493350931
MortensenS_xxxx__WK008-2-G-48h-01D2_S8__bin.1.fa,267_1,102.6239740700115
MAG_76.fa,268_1,96.42108557982368
DeFilippisF_xxxx__DF_100__bin.17.fa,269_1,93.04333209053965
DeFilippisF_xxxx__DF_11__bin.19.fa,269_2,48.74355678332143
YouL_2022__SRR13308520__bin.4.fa,270_1,101.01466867021632
FalardeauJ_2023__SRR20811289__bin.5.fa,271_1,102.07160017845129
LeechJ_2020__ERS3967702__bin.3.fa,272_1,99.96233778958266
LiZ_2018__SRS2920551__bin.24.fa,273_1,98.48802531035544
LeechJ_xxxx__AF52__bin.1.fa,274_1,77.78897982790583
MotaGutierrezJ_2021__SRR11602145__bin.20.fa,275_0,63.423260097867626
LeechJ_xxxx__AF43__bin.5.fa,276_0,81.59218555988065
MASTER_WP4_FFoQSI_1__VB-15-M12__bin.17.fa,277_1,91.07116909797409
DeFilippisF_xxxx__DF_118__bin.3.fa,278_0,70.11448076388194
MASTER_WP4_FFoQSI_3__VB07-30__bin.25.fa,279_0,71.61513435426083
FalardeauJ_2023__SRR20811292__bin.8.fa,280_0,84.40398974081447
LeechJ_xxxx__AF15__bin.4.fa,281_1,65.05842841770897
MAG_107.fa,282_0,25.48081616788903
LeechJ_2020__ERS3967741__bin.4.fa,283_0,67.65889892794803
YuY_2022__SRR16950700__bin.23.fa,284_1,79.11622574287594
YuY_2022__SRR16950700__bin.25.fa,285_1,57.32394917288746
CM_UNINA_FFOOD__FFOOD_319__bin.7.fa,286_1,55.512816912228004
LeechJ_xxxx__AF10__bin.10.fa,287_0,69.33735408863649
ZhaoCC_2020__SRS5803193__bin.1.fa,288_1,56.315156451746496
ZhaoCC_2020__SRS5803192__bin.21.fa,289_1,77.652315933182
ZhaoCC_2020__SRS5803195__bin.53.fa,290_0,67.02071850555109
MASTER_WP4_UNINA_2__T-22__bin.15.fa,291_1,83.06438526704929
AlvarezOrdonezA_xxxx__Q07-22__bin.21.fa,291_2,77.43597734749859
Nixt_bin.2.fa,292_1,101.73063315889652
CM_UNINA_FFOOD__FFOOD_256__bin.2.fa,293_1,64.89603285419811
MagliuloR_2024__SRR28235377__bin.1.fa,293_2,46.68582795756362
MASTER_WP4_UNINA_1__GO004_71775__bin.32.fa,294_0,61.73059455817268
LiZ_2018__SRS2920550__bin.32.fa,295_1,91.82927438920863
LeechJ_xxxx__AF83__bin.9.fa,296_1,86.22398247270739
LeechJ_2020__ERS3967711__bin.14.fa,297_1,81.74377922636933
LeechJ_xxxx__AF55__bin.16.fa,298_1,94.45366027890933
MASTER_WP4_UNINA_1__CF008_71775__bin.11.fa,299_1,95.06658032065151
DeFilippisF_xxxx__DF_96__bin.12.fa,299_2,97.43119110357705
YasirM_2022__SRR18334997__bin.9.fa,300_1,98.36147546181489
LeechJ_xxxx__AF41__bin.4.fa,301_1,99.19792334970997
PatroJN_2016__SRS1044738__bin.12.fa,302_1,101.60115370367704
LeechJ_xxxx__AF82__bin.13.fa,303_1,88.0086140980272
MotaGutierrezJ_2021__SRR11602156__bin.13.fa,304_1,72.74050084105973
MAG_S8.fa,305_1,101.37783237853228
FontanaF_2023__SRR20746979__bin.3.fa,306_1,101.63415793493975
LeechJ_xxxx__AF23__bin.9.fa,307_0,76.87020930038729
MotaGutierrezJ_2021__SRR11602145__bin.26.fa,308_0,85.91745968271393
ChaconVargasK_2020__SRS6087094__bin.4.fa,309_1,82.22902372049019
MASTER_WP4_UNINA_2__V-25__bin.15.fa,310_1,91.76616907314029
ChaconVargasK_2020__SRS6087094__bin.5.fa,310_2,92.09665397229824
DeFilippisF_xxxx__DF_100__bin.11.fa,311_1,90.8309283376929
MASTER_WP4_TEAGASC_1__TGS14-28__bin.4.fa,311_2,68.5116699590281
FontanaF_2023__SRR20746866__bin.6.fa,312_1,101.57379263803449
ShangpliangH_2023_a__SRR22851168__bin.15.fa,313_1,87.29363771675818
WalshL_xxxx__V9__bin.2.fa,313_2,97.42741881309612
ODFM-BA-A-0148-001_Lactococcus_lactis_subsp._cremoris_LMG6897.fa,314_1,101.21360308945782
MAG_501.fa,315_1,102.558487453169
DeFilippisF_xxxx__DF_7__bin.7.fa,315_2,44.78326773265818
LeechJ_xxxx__AF68__bin.1.fa,316_1,84.62032716534773
FontanaF_2023__SRR20746838__bin.11.fa,317_1,92.96543757715595
CM_UNINA_FFOOD__FFOOD_418__bin.8.fa,317_2,101.74449462004608
DeFilippisF_xxxx__DS_106__bin.5.fa,317_3,75.44061687972697
MASTER_WP4_FFoQSI_1__VB-16-M16__bin.2.fa,318_1,96.02981551827416
WalshL_xxxx__H3_S87__bin.34.fa,319_0,66.43304606995521
MASTER_WP4_UNINA_1__PB007_73417__bin.10.fa,320_1,80.34560764750901
MASTER_WP4_CSIC_1__P2230_73323__bin.3.fa,321_1,90.72391185691302
WalshAM_2017__ERR1981175__bin.3.fa,322_1,92.2865662089257
MASTER_WP4_TEAGASC_1__TGS14-28__bin.1.fa,323_1,102.74238581378815
Wy2_bin.circ.1.fa,324_1,102.3113500261237
C-03.Ssa-BR.fa,325_1,94.61897851025404
WalshAM_2017__ERS1739834__bin.1.fa,326_1,102.16961193550938
DeFilippisF_xxxx__DF_104__bin.4.fa,327_1,95.99385142607446
WalshL_xxxx__H3_S87__bin.5.fa,328_0,85.97128752319725
MAG_178.fa,329_1,98.61475863738507
CM_UNINA_FFOOD__FFOOD_270__bin.3.fa,330_1,96.13556613692121
MASTER_WP4_UNINA_1__PM012_71775__bin.11.fa,331_1,93.11191738206885
MASTER_WP4_UNINA_1__PM003_71775__bin.3.fa,331_2,67.13726515869783
DeFilippisF_xxxx__DF_115__bin.29.fa,331_3,66.58464947857578
DeFilippisF_xxxx__DF_100__bin.12.fa,332_1,70.473354905045
MASTER_WP4_UNINA_1__TA011_71775__bin.29.fa,333_0,83.65334632910798
MAG_177.fa,334_0,99.10676313652691
MASTER_WP4_CSIC_1__P2146_73322__bin.6.fa,335_1,76.65104724057255
MASTER_WP4_UNINA_1__GO003_71775__bin.2.fa,336_1,96.31001983311542
MASTER_WP4_UNINA_1__SA009_71775__bin.15.fa,336_2,65.21422874289483
FalardeauJ_2023__SRR20811179__bin.4.fa,337_1,75.07042535778844
MASTER_WP4_UNINA_1__TA012_71775__bin.15.fa,337_2,72.70572393393296
We2_bin.full.62.fa,338_0,96.07799676712071
DeFilippisF_xxxx__DF_5__bin.15.fa,339_1,96.28245739729877
MortensenS_xxxx__WK063-2-L-48h-05A1_S53__bin.2.fa,340_1,98.37763734598903
MASTER_WP4_TEAGASC_1__TGS13-30__bin.2.fa,341_0,82.95763212410428
LeechJ_2020__ERS3967715__bin.12.fa,342_1,86.42394194453875
MortensenS_xxxx__WK034-1-L-08h-03C4_S41__bin.7.fa,343_1,73.05048513249791
MortensenS_xxxx__WK020-1-L-08h-02E5_S101__bin.6.fa,343_2,82.30672472759937
LandisEA_2021__SRS5653152__bin.2.fa,344_1,95.35469496044747
LandisEA_2021__SRS5653168__bin.6.fa,344_2,91.05291480991704
GCF_008694105.1_ASM869410v1_genomic.fa,345_1,97.24420957614794
GCF_000469325.1_ASM46932v1_genomic.fa,346_0,95.8521391753798
MAG_24.fa,347_0,42.64916778945425
MAG_520.fa,348_0,45.77461146084471
GCF_003946445.1_ASM394644v1_genomic.fa,349_1,94.13365564309925
LandisEA_2021__SRS5653333__bin.1.fa,350_1,94.66616217322466
GCF_003946385.1_ASM394638v1_genomic.fa,351_0,96.68646180417323
GCF_005405165.1_ASM540516v1_genomic.fa,352_0,91.46198156316734
YuY_2022__SRR16950702__bin.15.fa,353_1,70.69533894323199
MAG_612.fa,354_1,64.0807446432692
MAG_11.fa,355_1,13.674044028460262
GCF_001703515.1_ASM170351v1_genomic.fa,355_2,102.68816005577484
MortensenS_xxxx__WK015-2-L-48h-02C6_S84__bin.6.fa,356_1,99.53178258774321
GCF_004102045.2_ASM410204v2_genomic.fa,357_1,101.53892867946004
GCF_020510245.1_ASM2051024v1_genomic.fa,358_1,101.82612299501774
LeechJ_2020__ERS3967723__bin.8.fa,359_0,95.26432344950555
FontanaF_2023__SRR20746951__bin.4.fa,360_1,102.11871883889027
CM_UNINA_FFOOD__FFOOD_337__bin.6.fa,361_1,102.1911961365728
CM_UNINA_FFOOD__FFOOD_421__bin.4.fa,362_1,90.7742692306753
CM_UNINA_FFOOD__FFOOD_415__bin.4.fa,362_2,100.9087302839455
MASTER_WP4_UNINA_2__P-22__bin.13.fa,363_0,81.15708132748868
MAG_334.fa,364_1,79.31556868714631
GCF_003946305.1_ASM394630v1_genomic.fa,365_0,94.60713744781206
GCF_009184845.1_ASM918484v1_genomic.fa,366_0,96.54547846958636
GCF_001436615.1_ASM143661v1_genomic.fa,367_0,98.35312833988904
GCF_003946465.1_ASM394646v1_genomic.fa,368_0,98.05260439262699
GCF_003946485.1_ASM394648v1_genomic.fa,369_0,98.40255942110471
GCF_003946115.1_ASM394611v1_genomic.fa,370_0,94.18944230024194
GCF_003946165.1_ASM394616v1_genomic.fa,371_0,94.40313762120611
GCF_003946175.1_ASM394617v1_genomic.fa,372_0,98.4415871192089
GCF_003946405.1_ASM394640v1_genomic.fa,373_0,97.51775448996447
MAG_528.fa,374_1,83.90235831103261
GCF_001436135.1_ASM143613v1_genomic.fa,375_0,95.54211358109082
GCF_004010095.1_ASM401009v1_genomic.fa,376_1,90.88629597696524
MAG_519.fa,377_0,42.93926774628099
GCF_003946025.1_ASM394602v1_genomic.fa,378_0,91.69461302780626
LeechJ_xxxx__AF18__bin.2.fa,379_1,94.58740538516496
GCF_009428965.1_ASM942896v1_genomic.fa,380_1,99.91653096508244
MASTER_WP4_UNINA_2__P-22__bin.8.fa,381_1,92.54411272640344
MAG_46.fa,381_2,94.37854418120126
LeechJ_xxxx__AF41__bin.3.fa,382_0,75.18543799756785
MotaGutierrezJ_2021__SRR11602145__bin.5.fa,383_1,83.96036405427101
LeechJ_xxxx__AF23__bin.7.fa,384_0,97.61428198117156
GCF_001437055.1_ASM143705v1_genomic.fa,385_0,99.3382240125231
FontanaF_2023__SRR20746839__bin.4.fa,386_1,102.0928142581568
CM_UNINA_FFOOD__FFOOD_424__bin.7.fa,387_1,62.091132823643
LeechJ_xxxx__AF78__bin.4.fa,388_1,98.40705428445577
GCF_008876665.1_ASM887666v1_genomic.fa,389_0,98.93188203909513
MASTER_WP4_FFoQSI_1__DC18-F-AR__bin.20.fa,390_1,96.36718968674
GCF_000420365.1_ASM42036v1_genomic.fa,391_1,102.23663297814615
GCF_001434935.1_ASM143493v1_genomic.fa,392_0,98.422297407506
GCF_003946725.1_ASM394672v1_genomic.fa,393_0,100.80388716071825
GCF_003946215.1_ASM394621v1_genomic.fa,394_0,95.65676854968656
ShangpliangH_2023_b__SRR22851058__bin.16.fa,395_1,74.67292822756279
GCF_003946695.1_ASM394669v1_genomic.fa,396_0,93.02159634012588
GCF_003946645.1_ASM394664v1_genomic.fa,397_0,96.73800943530473
GCF_003946675.1_ASM394667v1_genomic.fa,398_0,96.7965561829405
GCF_003946655.1_ASM394665v1_genomic.fa,399_0,100.83858733801009
LeechJ_2020__ERS3967691__bin.13.fa,400_1,87.03324545093392
GCF_004771075.1_ASM477107v1_genomic.fa,401_1,102.2836040868519
ODFM-BA-A-0217-003_GCF_025908565.1.fa,401_2,100.62299158753824
GCF_010306265.1_ASM1030626v1_genomic.fa,402_1,101.53241588488017
GCF_012396435.1_ASM1239643v1_genomic.fa,402_2,101.32983517413447
MASTER_WP4_CSIC_1__P2137_73322__bin.20.fa,403_1,98.01634456656039
YulandiA_2020__SRS6115052__bin.21.fa,404_1,100.71857291747017
MASTER_WP4_UNINA_2__V-25.1__bin.1.fa,405_1,102.02920375101229
GCF_001437425.1_ASM143742v1_genomic.fa,406_1,101.54709151149801
ODFM-BA-A-0177-001_Lactobacillus_homohiochii_DSM_20571.fa,407_0,100.28765872972242
ODFM-BA-A-0086-005_Weissella_koreensis_CBA3615.fa,408_1,100.11312891486534
GCF_001438705.1_ASM143870v1_genomic.fa,409_0,98.89840688167519
GCF_003353445.1_ASM335344v1_genomic.fa,410_0,101.09009115349639
GCF_025211165.1_ASM2521116v1_genomic.fa,411_1,101.5987216771195
GCF_918814575.1_ASM91881457v1_genomic.fa,412_1,99.80716181311313
GCF_012396505.1_ASM1239650v1_genomic.fa,413_0,100.37458866427676
GCF_918814755.1_ASM91881475v1_genomic.fa,414_0,96.94692977618833
LeechJ_xxxx__AF81__bin.6.fa,415_0,97.42324379300483
GCF_001047115.2_ASM104711v2_genomic.fa,416_1,98.12491164208129
LeechJ_xxxx__AF72__bin.3.fa,417_0,89.67720248479404
GCF_001047075.2_ASM104707v2_genomic.fa,418_0,94.15756094532438
LeechJ_xxxx__AF21__bin.7.fa,419_1,94.51495319864732
LeechJ_xxxx__AF55__bin.3.fa,420_0,45.692393032426075
LeechJ_xxxx__AF55__bin.10.fa,421_0,68.15071573896026
CM_UNINA_FFOOD__FFOOD_229__bin.10.fa,422_1,102.1805489338656
LeechJ_2020__ERS3967741__bin.9.fa,423_1,101.78965699613215
GCF_000298875.1_ASM29887v1_genomic.fa,423_2,101.65810920671471
EBC_086.5.fa,424_0,92.31352854626495
GCF_019656015.1_ASM1965601v1_genomic.fa,425_0,100.49167946993327
MortensenS_xxxx__WK002-1-L-48h-01F6_S30__bin.6.fa,426_1,102.66728066999573
MortensenS_xxxx__WK023-1-L-48h-02G3_S117__bin.1.fa,426_2,102.34362285884947
MAG_116.fa,426_3,44.686179791262155
MortensenS_xxxx__WK031-1-L-48h-03B2_S30__bin.1.fa,427_1,102.53151894358537
GCF_009913915.1_ASM991391v1_genomic.fa,427_2,103.18557451086073
ODFM-BA-A-0067-003_Leuconostoc_mesenteroides_subsp._mesenteroides_CBA3607.fa,427_3,102.17488232528572
ChaconVargasK_2020__SRS6087088__bin.11.fa,428_1,81.27550092150365
GCF_019656075.1_ASM1965607v1_genomic.fa,429_1,99.11230948631425
MortensenS_xxxx__WK028-2-L-48h-03A1_S20__bin.5.fa,430_1,102.46531444888318
GCF_019656055.1_ASM1965605v1_genomic.fa,431_1,97.32353467335018
LeechJ_xxxx__AF81__bin.1.fa,432_1,86.4308132797381
CM_UNINA_FFOOD__FFOOD_245__bin.2.fa,433_1,100.94836667177728
ODFM-BA-A-0094-002_Leuconostoc_lactis_WIKIM21.fa,433_2,97.87381788768327
GCF_019655995.1_ASM1965599v1_genomic.fa,434_0,99.6900315982556
MortensenS_xxxx__WK006-2-G-48h-01C9_S6__bin.4.fa,435_1,102.12419609516519
MortensenS_xxxx__WK047-2-G-48h-04C5_S123__bin.3.fa,436_1,100.94961434421067
GCF_001435195.1_ASM143519v1_genomic.fa,437_1,99.56845981403572
GCF_001436275.1_ASM143627v1_genomic.fa,438_0,101.3377651381079
MortensenS_xxxx__WK029-2-G-48h-04A5_S105__bin.1.fa,439_1,102.06961271782738
MortensenS_xxxx__WK007-2-G-48h-01D1_S7__bin.5.fa,439_2,53.45472693987512
MortensenS_xxxx__WK036-2-L-48h-03D6_S52__bin.7.fa,440_1,101.12085663159338
MortensenS_xxxx__WK059-2-L-08h-04H2_S36__bin.4.fa,441_1,100.05289783291744
GCF_001434915.1_ASM143491v1_genomic.fa,442_0,101.05166541737424
LimaC_2020__SRR9640350__bin.18.fa,443_1,100.99876800544719
LeechJ_xxxx__AF84__bin.19.fa,444_1,79.58961660323637
LeechJ_xxxx__AF49__bin.4.fa,445_1,88.59958981906792
CM_UNINA_FFOOD__FFOOD_425__bin.9.fa,445_2,102.8167464701788
KharnaiorP_2023__SRR22859379__bin.8.fa,446_1,102.33230744983962
ShangpliangH_2023_b__SRR22851057__bin.2.fa,447_0,70.80078364501423
GCF_001436735.1_ASM143673v1_genomic.fa,448_1,102.23796427255422
LeechJ_2020__ERS3967740__bin.10.fa,449_1,101.87264938832249
YasirM_2022__SRR18335001__bin.1.fa,450_1,89.28577778358348
DeRoosJ_2020__B13M__bin.3.fa,451_1,98.02533446958431
LandisEA_2021__SRS5653132__bin.1.fa,452_1,101.73465966688426
GCF_008033155.1_ASM803315v1_genomic.fa,453_1,100.342638624405
GCF_000740055.1_ASM74005v1_genomic.fa,454_0,100.09026746740805
GCF_006740305.1_ASM674030v1_genomic.fa,455_1,102.19699657827888
MAG_496.fa,455_2,5.0222754976769854
LeechJ_2020__ERS3967703__bin.6.fa,456_1,94.93833423836715
XieM_2019__SAMC044639__bin.27.fa,457_0,58.89181176338395
GCF_005405405.1_ASM540540v1_genomic.fa,458_0,97.45154194445874
GCF_005405425.1_ASM540542v1_genomic.fa,459_0,90.3839305029775
YasirM_2022__SRR18335011__bin.1.fa,460_1,95.86319212147012
FranciosaI_2021__SRR12227952__bin.4.fa,461_1,87.34625453289782
FalardeauJ_2023__SRR20811279__bin.3.fa,462_1,101.2515371140966
GCF_001039045.1_ASM103904v1_genomic.fa,463_0,85.15612678747162
MASTER_WP4_UNINA_1__ST007_71775__bin.2.fa,464_1,88.54345101079558
GCF_001438845.1_ASM143884v1_genomic.fa,464_2,89.21668482242154
LeechJ_2020__ERS3967692__bin.3.fa,465_1,68.11536281623502
GCF_005404945.1_ASM540494v1_genomic.fa,465_2,95.73875087656347
GCF_005405065.1_ASM540506v1_genomic.fa,466_1,94.56594338353925
LeechJ_2020__ERS3967722__bin.6.fa,466_2,59.65713488773227
GCF_005405005.1_ASM540500v1_genomic.fa,467_0,94.99967661181479
GCF_005405105.1_ASM540510v1_genomic.fa,468_1,87.38484482044947
GCF_005405125.1_ASM540512v1_genomic.fa,468_2,87.48583347201561
GCF_005405085.1_ASM540508v1_genomic.fa,469_0,82.66397409162302
GCF_005405385.1_ASM540538v1_genomic.fa,470_0,94.30314506335549
GCF_000498955.2_NMG01_genomic.fa,471_0,93.43396954031472
LiZ_2019__SRS3379169__bin.2.fa,472_1,82.26025122532293
GCF_001434835.1_ASM143483v1_genomic.fa,473_1,95.00380687499887
GCF_009295845.1_ASM929584v1_genomic.fa,473_2,95.2255856177213
YasirM_2022__SRR18335012__bin.3.fa,474_1,99.56107394040531
GCF_000965255.1_ASM96525v1_genomic.fa,475_0,97.66940508622929
LandisEA_2021__SRS5653374__bin.1.fa,476_0,94.41071166529763
GCF_003946095.1_ASM394609v1_genomic.fa,477_1,100.85383548121484
GCF_003946145.1_ASM394614v1_genomic.fa,478_0,100.02949854494761
GCF_003946265.1_ASM394626v1_genomic.fa,479_1,98.79620922331769
GCF_003946345.1_ASM394634v1_genomic.fa,479_2,97.90242870922832
GCF_001434395.1_ASM143439v1_genomic.fa,480_1,101.31873590684097
GCF_001434055.1_ASM143405v1_genomic.fa,481_1,101.8118419868795
LeechJ_2020__ERS3967722__bin.12.fa,481_2,81.0333120176407
GCF_003946395.1_ASM394639v1_genomic.fa,481_3,100.63703444412012
LeechJ_2020__ERS3967737__bin.1.fa,482_0,50.075058171739066
GCF_001435525.1_ASM143552v1_genomic.fa,483_0,97.74320586817069
GCF_007115095.1_ASM711509v1_genomic.fa,484_0,94.87874405369071
GCF_003946335.1_ASM394633v1_genomic.fa,485_0,96.99047429228531
GCF_003946085.1_ASM394608v1_genomic.fa,486_1,101.00592079327156
GCF_004745505.1_ASM474550v1_genomic.fa,486_2,97.8705601891373
AlvarezOrdonezA_xxxx__F03-18__bin.1.fa,487_1,92.72927602051026
GCF_003946045.1_ASM394604v1_genomic.fa,488_1,102.06739750004888
GCF_016861655.1_ASM1686165v1_genomic.fa,488_2,102.09826243282758
MotaGutierrezJ_2021__SRR11602150__bin.9.fa,489_1,101.71453630201142
GCF_001436675.1_ASM143667v1_genomic.fa,490_1,100.61500573108032
GCF_003946545.1_ASM394654v1_genomic.fa,490_2,101.01647068110711
LeechJ_xxxx__AF68__bin.3.fa,491_1,86.68797890060718
MotaGutierrezJ_2021__SRR11602143__bin.16.fa,492_1,53.97046546000626
MotaGutierrezJ_2021__SRR11602148__bin.1.fa,493_1,88.57786654098787
GCF_003124125.1_ASM312412v1_genomic.fa,494_0,91.85478887993912
GCF_008632615.1_ASM863261v1_genomic.fa,495_1,100.7709182817323
DeFilippisF_xxxx__DF_7__bin.8.fa,496_1,98.23005884534597
MASTER_WP4_TEAGASC_1__TGS01-29__bin.2.fa,497_1,100.06065036991107
GCF_005405145.1_ASM540514v1_genomic.fa,498_0,68.3251821864935
DeFilippisF_xxxx__DS_1__bin.17.fa,499_1,93.08864935394627
GCF_003967595.1_ASM396759v1_genomic.fa,500_1,96.96018440232754
LandisEA_2021__SRS5653137__bin.2.fa,501_1,96.90035997991471
GCF_006007945.1_ASM600794v1_genomic.fa,502_1,98.78013077518527
EBC_098.21.fa,502_2,95.34268076867568
GCF_003573535.1_ASM357353v1_genomic.fa,502_3,94.69324424438612
GCF_004745525.1_ASM474552v1_genomic.fa,503_0,98.37815285373304
MASTER_WP4_UNINA_1__FI010_71775__bin.21.fa,504_1,89.64279176968775
GCF_001434985.1_ASM143498v1_genomic.fa,505_1,96.01904633177946
GCF_001435445.1_ASM143544v1_genomic.fa,505_2,90.73976954817735
DeFilippisF_xxxx__DS_64__bin.3.fa,506_1,54.44999406023937
GCF_000831645.3_ASM83164v3_genomic.fa,507_0,96.50284474859134
GCF_005404815.1_ASM540481v1_genomic.fa,508_0,95.82651462095973
GCF_007991935.1_ASM799193v1_genomic.fa,509_0,94.26598245426942
LeechJ_2020__ERS3967712__bin.13.fa,510_1,68.43733560220578
LeechJ_2020__ERS3967692__bin.4.fa,511_0,98.76109817707375
GCF_007992055.1_ASM799205v1_genomic.fa,512_1,93.84924297898368
LandisEA_2021__SRS5653374__bin.3.fa,513_0,88.98792499672946
GCF_001438805.1_ASM143880v1_genomic.fa,514_0,93.14476821239778
GCF_002872255.1_ASM287225v1_genomic.fa,515_0,95.48578945052554
GCF_003946205.1_ASM394620v1_genomic.fa,516_1,92.83247864994219
GCF_003946625.1_ASM394662v1_genomic.fa,516_2,92.8565987849389
GCF_001434665.1_ASM143466v1_genomic.fa,517_1,93.75637973143037
GCF_003946605.1_ASM394660v1_genomic.fa,518_0,96.08385668918935
GCF_003946015.1_ASM394601v1_genomic.fa,519_1,101.40338821157934
DeFilippisF_xxxx__DS_69__bin.5.fa,520_1,99.85722011131433
GCF_003946575.1_ASM394657v1_genomic.fa,520_2,101.05233258514639
GCF_001971585.1_ASM197158v1_genomic.fa,521_0,101.72950500355293
GCF_003946555.1_ASM394655v1_genomic.fa,522_0,101.0083890642003
GCF_003946505.1_ASM394650v1_genomic.fa,523_1,99.27302193503981
GCF_001050475.1_ASM105047v1_genomic.fa,524_0,101.7366964924301
GCF_001434295.1_ASM143429v1_genomic.fa,525_1,99.09136707458516
DeFilippisF_xxxx__DF_5__bin.6.fa,526_1,82.89305032073857
GCF_003946515.1_ASM394651v1_genomic.fa,526_2,94.43529086014364
GCF_003946325.1_ASM394632v1_genomic.fa,527_0,95.07549839742214
DeFilippisF_xxxx__DS_68__bin.5.fa,528_0,38.83381522410329
DeFilippisF_xxxx__DS_69__bin.7.fa,529_0,86.60058504068643
AlvarezOrdonezA_xxxx__F02-18__bin.10.fa,530_1,97.68804708297924
AlvarezOrdonezA_xxxx__F01-19__bin.6.fa,531_1,69.92325785646257
LeechJ_xxxx__AF68__bin.13.fa,532_1,89.50866221817517
AlvarezOrdonezA_xxxx__F03-18__bin.4.fa,533_1,77.71649570389633
ODFM-BA-A-0027-003_Lactobacillus_sakei_WiKim0072.fa,534_1,102.63468918900274
ODFM-BA-A-0005-002_Lactobacillus_curvatus_WiKim38.fa,535_1,102.6373705829741
DeFilippisF_xxxx__DS_55__bin.2.fa,536_0,76.42078178992571
LandisEA_2021__SRS5653155__bin.1.fa,537_1,101.51942367564313
MAG_515.fa,538_1,46.950700458079
SalgadoTS_2021__SRR13801804__bin.3.fa,539_1,101.81415667498706
GCF_001434145.1_ASM143414v1_genomic.fa,540_1,101.85382334803741
GCF_002276885.1_ASM227688v1_genomic.fa,541_1,98.12567678681857
DeFilippisF_xxxx__DF_30__bin.3.fa,542_1,101.39840272141814
MASTER_WP4_UNINA_1__GR001_73417__bin.3.fa,543_1,93.20214173031403
CM_UNINA_FFOOD__FFOOD_290__bin.7.fa,544_0,79.66056459378984
MortensenS_xxxx__WK001T-1-G-00h-05I5_S129__bin.3.fa,545_1,100.28711596567669
MortensenS_xxxx__WK062-2-G-48h-05H5_S120__bin.3.fa,546_1,99.25753848686405
MAG_535.fa,546_2,26.250486447843375
DeFilippisF_xxxx__DF_96__bin.15.fa,547_1,92.50765774247354
GCF_001436255.1_ASM143625v1_genomic.fa,548_1,100.36494665367479
DeFilippisF_xxxx__DF_61__bin.3.fa,548_2,97.22322646134822
GCF_001434135.1_ASM143413v1_genomic.fa,549_0,99.71185768565873
CM_UNINA_FFOOD__FFOOD_363__bin.10.fa,550_0,49.924904891476274
GCF_001433825.1_ASM143382v1_genomic.fa,551_1,94.53846465666129
CrovadoreJ_2017__SRS1919172__bin.12.fa,552_0,41.76145939477235
GCF_001435995.1_ASM143599v1_genomic.fa,553_0,92.7950849222224
MASTER_WP4_UNINA_1__PM002_71775__bin.14.fa,554_1,93.84022500447942
LeechJ_xxxx__AF25__bin.5.fa,555_0,98.0054037953827
GCF_001434895.1_ASM143489v1_genomic.fa,556_0,93.89398503121063
GCF_001436595.1_ASM143659v1_genomic.fa,557_0,88.32590144578477
GCF_001433995.1_ASM143399v1_genomic.fa,558_0,96.14321284496475
GCF_000785105.2_ASM78510v2_genomic.fa,559_0,98.49068113456183
GCF_007989765.1_ASM798976v1_genomic.fa,560_0,98.06042000230889
GCF_001435975.1_ASM143597v1_genomic.fa,561_1,85.49812353447172
GCF_001702155.1_ASM170215v1_genomic.fa,562_1,85.4437108896996
LeechJ_2020__ERS3967740__bin.11.fa,563_1,98.06437299730678
ChaconVargasK_2020__SRS6087091__bin.16.fa,564_0,63.75163139696767
ArikanM_2020__ERS1875938__bin.4.fa,565_1,100.62624676192432
MASTER_WP4_FFoQSI_2__VB10-22__bin.15.fa,566_1,83.0749331401857
LeechJ_xxxx__AF63__bin.4.fa,567_0,74.87769729998284
MASTER_WP4_UNINA_1__GO004_71775__bin.3.fa,568_0,69.51412559445424
LiZ_2018__SRS2920555__bin.25.fa,569_1,95.07928643218848
SternesPR_2017__Y2D1_A_shotgun__bin.5.fa,570_1,83.17116891584476
LiZ_2018__SRS2920550__bin.12.fa,571_1,87.45440627562624
MAG_372.fa,572_0,58.68729647396147
LeechJ_xxxx__AF66__bin.13.fa,573_0,57.37229321432813
MAG_531.fa,574_0,56.48087176021022
ODFM-BA-A-0052-001_Yarrowia_lipolytica_CBA6003.fa,575_1,103.34489508078926
AlvarezOrdonezA_xxxx__C03-19__bin.12.fa,576_0,82.02813225134913
MASTER_WP4_TEAGASC_1__TGS07-22__bin.2.fa,577_0,91.16334426071695
MASTER_WP4_CSIC_2__P2561__bin.3.fa,578_1,62.76999136840731
MASTER_WP4_CSIC_2__P2614__bin.19.fa,578_2,59.93312009088084
AlvarezOrdonezA_xxxx__C08-18__bin.12.fa,578_3,50.771965268402134
KastmanEK_2016__CSB720__bin.5.fa,579_1,93.02573860609976
MASTER_WP4_CSIC_2__P2588__bin.22.fa,580_1,92.31397061958027
MASTER_WP4_CSIC_2__P2598__bin.8.fa,580_2,89.38105639600974
KastmanEK_2016__CSB600__bin.6.fa,581_0,84.07869990863303
MASTER_WP4_CSIC_1__P2137_73322__bin.1.fa,582_0,89.3713198368601
LeechJ_xxxx__AF17__bin.2.fa,583_0,89.48411456948087
MASTER_WP4_CSIC_1__P2137_73322__bin.36.fa,584_0,73.25792581760437
AlvarezOrdonezA_xxxx__Q03-30__bin.8.fa,585_1,94.59611869365476
DeFilippisF_xxxx__DS_105__bin.8.fa,586_1,94.14687487704742
ODFM-BA-A-0144-001_Penicillium_roqueforti_CECT_2905.fa,587_1,102.47062851307267
MASTER_WP4_UNINA_1__SP009_71775__bin.32.fa,588_1,97.34961596406437
AlvarezOrdonezA_xxxx__F05-18__bin.5.fa,589_1,84.74570629397554
MASTER_WP4_UNINA_2__O-30__bin.13.fa,589_2,97.96321766362574
MASTER_WP4_CSIC_2__P2560__bin.1.fa,589_3,96.68572886520285
XieM_2019__SAMC044639__bin.29.fa,589_4,91.10709166956869
AlvarezOrdonezA_xxxx__Q06-30__bin.1.fa,590_0,63.89185910098199
MASTER_WP4_UNINA_1__SF013_71775__bin.21.fa,591_0,91.45267177844885
LiZ_2018__SRS2920553__bin.2.fa,592_1,93.92413848508147
DuR_2020__DRS139335__bin.6.fa,592_2,71.26580520736174
LiZ_2018__SRS2920550__bin.14.fa,593_0,67.65292027440734
MASTER_WP4_FFoQSI_1__VB-16-BD__bin.41.fa,594_0,69.82916246582202
MASTER_WP4_FFoQSI_1__VB-09-BD__bin.42.fa,595_1,97.51517650748077
MASTER_WP4_TEAGASC_1__TGS08-29__bin.46.fa,596_0,92.81527790453148
LiZ_2018__SRS2920550__bin.19.fa,597_1,93.10176992057012
LeechJ_2020__ERS3967694__bin.5.fa,598_1,89.13992657467631
ODFM-BA-A-0118-001_Brettanomyces_anomalus_YV396.fa,599_1,102.238318314007
GCF_011074885.1_ASM1107488v2_genomic.fa,600_1,100.9683112135841
LeechJ_xxxx__AF17__bin.1.fa,601_1,101.44044503715536
MASTER_WP4_CSIC_2__P2524__bin.3.fa,602_0,89.67968116368648
MASTER_WP4_TEAGASC_1__TGS06-22__bin.9.fa,603_0,89.7746774793514
MASTER_WP4_TEAGASC_1__TGS05-22__bin.2.fa,604_0,99.04607316740527
MASTER_WP4_CSIC_2__P2597__bin.1.fa,605_1,94.31958038953242
MASTER_WP4_UNINA_2__A-22__bin.12.fa,606_1,68.3198490826088
MASTER_WP4_TEAGASC_1__TGS03-22__bin.2.fa,607_0,71.8926020672355
DuR_2020__DRS139334__bin.19.fa,608_1,78.54472054007412
LeechJ_xxxx__AF82__bin.10.fa,609_0,69.79282609205777
MASTER_WP4_CSIC_2__P2599__bin.11.fa,610_0,78.53487098838143
MASTER_WP4_UNINA_2__U-22__bin.7.fa,611_0,92.27383209730078
MASTER_WP4_UNINA_2__V-30__bin.15.fa,612_0,88.63098330818204
MortensenS_xxxx__WK069-2-L-48h-05D2_S81__bin.1.fa,613_1,74.06512590044258
MASTER_WP4_UNINA_1__AS006_71775__bin.7.fa,614_1,64.63738826012106
SternesPR_2017__Y2D1_B_shotgun__bin.4.fa,615_1,97.90791340361885
CrovadoreJ_2017__SRS1919172__bin.5.fa,616_0,62.6252927636705
GCA_003325435.1_Razy_CA_genomic.fa,617_0,-163.25031508680507
LeechJ_xxxx__AF94__bin.2.fa,618_0,89.07439435980756
GCA_008274985.1_ASM827498v1_genomic.fa,619_0,102.40208075140316
MASTER_WP4_CSIC_2__P2574__bin.24.fa,620_1,99.46029085552837
MASTER_WP4_CSIC_2__P2574__bin.32.fa,621_0,94.99365447578498
WalshL_xxxx__H3_S87__bin.24.fa,622_0,59.449662550040905
MASTER_WP4_FFoQSI_1__VB-14-AD__bin.11.fa,623_1,87.83317234001899
MASTER_WP4_FFoQSI_1__VB-15-BD__bin.16.fa,624_0,90.3614850056551
ODFM-BA-A-0193-001_Saccharomyces_cerevisiae_beer44.fa,625_1,101.97170440290043
ChaconVargasK_2020__SRS6087094__bin.8.fa,626_0,46.12304850676793
LeechJ_2020__ERS3967714__bin.6.fa,627_0,81.93511771864159
MortensenS_xxxx__WK069-1-L-08h-05C8_S78__bin.4.fa,628_0,81.11055368802305
MASTER_WP4_UNINA_1__FO007_71775__bin.9.fa,629_0,78.50334972178234
MortensenS_xxxx__WK007-2-L-48h-01I1_S52__bin.1.fa,630_1,100.99094476073935
DeRoosJ_2020__B24M__bin.2.fa,631_0,91.86535188935937
MASTER_WP4_CSIC_1__P2233_73323__bin.18.fa,632_1,99.28775097110079
MASTER_WP4_UNINA_1__GO005_71775__bin.6.fa,633_1,101.55038003749927
AlvarezOrdonezA_xxxx__C02-19__bin.10.fa,633_2,48.46125542521701
MASTER_WP4_CSIC_2__P2576__bin.11.fa,633_3,58.984674540379544
AlvarezOrdonezA_xxxx__C02-19__bin.11.fa,634_0,77.40241184990047
MASTER_WP4_TEAGASC_1__TGS02-22__bin.4.fa,635_0,95.04484877410319
MASTER_WP4_CSIC_2__P2596__bin.7.fa,636_1,97.27896205665319
MASTER_WP4_TEAGASC_1__TGS09-22__bin.4.fa,637_1,95.9447250361671
AlvarezOrdonezA_xxxx__C05-19__bin.5.fa,638_1,43.525312728823955
AlvarezOrdonezA_xxxx__F05-18__bin.3.fa,638_2,88.21898623830386
MASTER_WP4_CSIC_2__P2598__bin.18.fa,639_0,85.17744314694448
SternesPR_2017__Y3D1_B_shotgun__bin.2.fa,640_1,90.87146606130169
C-R03.bin.3.fa,641_1,96.42628444459733
BertuzziAS_2018__ERS2032125__bin.3.fa,642_1,83.65491920559988
MASTER_WP4_CSIC_2__P2556__bin.21.fa,643_0,101.01675987394844
DuR_2020__DRS139335__bin.25.fa,644_0,65.90130142067021
MASTER_WP4_CSIC_1__P2246_73323__bin.19.fa,645_1,102.3804350549453
EBC_024.4.fa,646_1,95.13612112290119
MortensenS_xxxx__WK040-2-L-08h-03F3_S67__bin.4.fa,647_1,101.55841162628393
LeechJ_2020__ERS3967742__bin.3.fa,648_1,88.44709885948177
LeechJ_xxxx__AF29__bin.14.fa,649_0,93.0162293295946
DuR_2020__DRS139333__bin.13.fa,650_0,68.83666792003304
MortensenS_xxxx__WK038-1-L-48h-03E3_S58__bin.1.fa,651_1,70.39875395709619
MortensenS_xxxx__WK065-1-L-08h-05B1_S62__bin.1.fa,652_1,82.23065907858049
MASTER_WP4_UNINA_2__N-22__bin.19.fa,653_0,63.97617152753135
SternesPR_2017__T1D1_A_shotgun__bin.3.fa,654_1,77.20019892450108
SternesPR_2017__Y2D1_A_shotgun__bin.3.fa,655_1,82.25223659302952
LeechJ_xxxx__AF26__bin.5.fa,656_0,81.09048090872649
GCA_003243815.1_ASM324381v1_genomic.fa,657_1,102.92061740558161
MASTER_WP4_UNINA_2__F-22__bin.7.fa,658_1,92.94241216583237
LeechJ_xxxx__AF25__bin.17.fa,659_0,97.03532151141806
LeechJ_xxxx__AF67__bin.4.fa,660_0,58.50004959595786
MASTER_WP4_UNINA_1__GO013_71775__bin.11.fa,661_1,83.7410971289113
KumarJ_2019__SRS4562503__bin.9.fa,662_1,85.73280018144919
KastmanEK_2016__CSB694__bin.6.fa,663_1,84.17607326058902
MASTER_WP4_CSIC_1__P2247_73323__bin.3.fa,663_2,77.97080478322411
MASTER_WP4_FFoQSI_3__VB14-22__bin.43.fa,663_3,71.61980577430482
LeechJ_2020__ERS3967715__bin.10.fa,664_0,93.58837039156501
MAG_374.fa,665_0,26.42861736521274
ODFM-BA-A-0014-003_Alishewanella_jeotgali_KCTC_22429.fa,666_0,100.75268184606149
MagliuloR_2024__SRR28235370__bin.7.fa,667_1,82.8070784539533
MASTER_WP4_UNINA_2__V-21__bin.39.fa,667_2,66.67830659194577
WalshL_xxxx__H3_S87__bin.4.fa,668_0,68.20318162417757
AlvarezOrdonezA_xxxx__Q07-22__bin.9.fa,669_0,65.0772385721785
MASTER_WP4_UNINA_2__T-22__bin.30.fa,670_0,70.81500263495398
ODFM-BA-A-0033-002_Haladaptatus_cibarius_D43.fa,671_0,100.21673464867324
ODFM-BA-A-0034-002_Haloterrigena_jeotgali_A29.fa,672_0,101.4763989039107
ODFM-BA-A-0081-002_Halorubrum_halophilum_CBA1147.fa,673_0,97.57842681375207
AlvarezOrdonezA_xxxx__Q07-22__bin.14.fa,674_0,81.35051264552835
AlvarezOrdonezA_xxxx__Q07-22__bin.7.fa,675_0,91.9769586370446
MASTER_WP4_UNINA_2__T-22__bin.12.fa,676_0,72.9507052635092
AlvarezOrdonezA_xxxx__Q07-22__bin.6.fa,677_0,100.88040383635274
MASTER_WP4_UNINA_2__N-22__bin.3.fa,678_1,100.78029881517713
MASTER_WP4_UNINA_2__T-22__bin.25.fa,679_0,100.63179595336811
MASTER_WP4_UNINA_2__N-22__bin.10.fa,680_1,99.49468063437523
MASTER_WP4_UNINA_2__T-22__bin.4.fa,681_0,63.759691580154964
MASTER_WP4_UNINA_2__T-22__bin.17.fa,682_0,91.47523121138074
MASTER_WP4_UNINA_2__T-22__bin.13.fa,683_0,57.06559458152992
MASTER_WP4_CSIC_2__P2614__bin.52.fa,684_0,66.60089257265179
MASTER_WP4_TEAGASC_1__TGS07-22__bin.3.fa,685_0,63.453225661623634
ArikanM_2020__ERS1939655__bin.10.fa,686_1,90.41243175424336
SternesPR_2017__T1D1_A_shotgun__bin.1.fa,687_0,58.60821036692328
MASTER_WP4_FFoQSI_1__VB-16-M13__bin.18.fa,688_1,95.68084370156346
LeechJ_xxxx__AF43__bin.8.fa,689_0,61.65101117395204
MAG_483.fa,690_0,92.59915428067691
CM_UNINA_FFOOD__FFOOD_415__bin.1.fa,691_0,94.45696380017421
MilaniC_2019__SRR7587240__bin.19.fa,692_1,74.51870072701348
QuijadaN_2022__ERR7245779__bin.25.fa,693_1,101.5493354852172
AlvarezOrdonezA_xxxx__Q07-29__bin.11.fa,694_1,65.28883028961553
AlvarezOrdonezA_xxxx__Q07-30__bin.31.fa,694_2,75.09148640607276
MASTER_WP4_FFoQSI_2__VB10-22__bin.21.fa,695_1,78.75566765352512
MilaniC_2019__SRS3591582__bin.17.fa,696_1,83.2179945884645
EBC_090.1.fa,697_0,18.561180047175856
MASTER_WP4_UNINA_1__FO011_71775__bin.8.fa,698_1,95.31297522254224
MASTER_WP4_FFoQSI_1__KM-4D__bin.40.fa,699_1,102.33200312016358
MASTER_WP4_UNINA_1__PU007_71775__bin.44.fa,700_1,97.79716185923716
MAG_34.fa,701_1,100.73955414265035
AlvarezOrdonezA_xxxx__Q01-22__bin.9.fa,702_0,70.96853767232915
MASTER_WP4_FFoQSI_1__VB-14D__bin.5.fa,703_1,87.72287137222261
MASTER_WP4_CSIC_2__P2610__bin.21.fa,704_1,87.24575200301278
MASTER_WP4_CSIC_2__P2608__bin.7.fa,705_1,96.64238420584913
WolfeBE_2014__575_CabotClothbound__bin.2.fa,706_1,101.58903195918194
GCF_004136575.1_ASM413657v1_genomic.fa,706_2,102.24546956865993
YangC_2021__SRR13259376__bin.16.fa,707_0,65.75900586939873
AlvarezOrdonezA_xxxx__Q07-29__bin.13.fa,708_1,95.33243103445974
MASTER_WP4_FFoQSI_1__KM-2D__bin.28.fa,709_1,100.74533918403533
EBC_110.6.fa,709_2,68.69056810869361
MASTER_WP4_FFoQSI_1__VB-08-BD__bin.39.fa,710_0,82.77187729342796
MASTER_WP4_FFoQSI_1__KM-2D__bin.34.fa,711_0,87.99091344283656
WalshAM_2020__ERS3466771__bin.2.fa,712_1,93.0689792106357
TomarS_2023__SRR15925267__bin.13.fa,713_0,86.47821572259208
TomarS_2023__SRR15925267__bin.16.fa,714_0,82.12888025554957
CM_UNINA_FFOOD__FFOOD_313__bin.4.fa,715_0,52.34495684888188
BertuzziAS_2018__ERS2032127__bin.3.fa,716_1,98.52975340381195
MASTER_WP4_UNINA_1__FI109_71775__bin.14.fa,717_1,84.07951375978891
DeFilippisF_xxxx__DS_90__bin.4.fa,718_1,102.55581699870868
We6_bin.circ.9.fa,719_1,103.35217659135051
MASTER_WP4_TEAGASC_1__TGS01-22__bin.37.fa,720_1,71.34231816382125
AlvarezOrdonezA_xxxx__Q03-30__bin.5.fa,721_1,102.6064252995734
AlvarezOrdonezA_xxxx__Q01-29__bin.6.fa,722_1,91.60470288460886
WolfeBE_2014__575_CabotClothbound__bin.6.fa,723_1,98.74878134524786
MAG_619.fa,723_2,98.01920851473336
MASTER_WP4_CSIC_2__P2600__bin.15.fa,724_0,39.267756572717936
MASTER_WP4_TEAGASC_1__TGS07-25__bin.5.fa,725_0,94.82074049861643
KastmanEK_2016__CSB694__bin.4.fa,726_0,61.443339155709836
C-R14.bin.10.fa,727_1,79.13578992606065
MASTER_WP4_UNINA_1__SP109_71775__bin.29.fa,727_2,79.0470760751962
WalshAM_2020__ERS3466771__bin.3.fa,728_1,100.7034626401278
KharnaiorP_2023__SRR22859377__bin.11.fa,729_1,88.75138326717223
BertuzziAS_2018__ERS2032125__bin.2.fa,729_2,101.81879532133358
LiZ_2018__SRS2920551__bin.17.fa,730_1,88.97747996452549
MASTER_WP4_FFoQSI_2__VB10-30__bin.20.fa,731_1,91.79326275882977
MASTER_WP4_CSIC_2__P2517__bin.12.fa,732_0,59.714912887604264
MASTER_WP4_FFoQSI_2__VB15-29__bin.12.fa,733_1,102.2613237037024
AlvarezOrdonezA_xxxx__R01-19__bin.3.fa,734_0,93.75645103995382
MASTER_WP4_UNINA_1__FO007_71775__bin.38.fa,735_0,71.42777698366383
LiZ_2018__SRS2920550__bin.1.fa,736_0,70.29291990014408
MASTER_WP4_FFoQSI_2__VB16-30__bin.6.fa,737_0,92.67399463097061
MASTER_WP4_FFoQSI_1__VB12-F-AR__bin.11.fa,738_0,97.21027612843055
MAG_485.fa,739_1,76.96991402691837
CM_UNINA_FFOOD__FFOOD_227__bin.5.fa,740_1,100.99332138476043
WalshL_xxxx__H3_S87__bin.2.fa,741_0,62.84973700073255
MASTER_WP4_FFoQSI_2__VB03-30__bin.18.fa,742_1,88.71296393996498
AlvarezOrdonezA_xxxx__Q07-22__bin.19.fa,743_1,89.59052426763215
MASTER_WP4_FFoQSI_1__KM-1G__bin.1.fa,743_2,92.02609541414161
AlvarezOrdonezA_xxxx__Q07-22__bin.18.fa,744_0,90.88485567158037
MASTER_WP4_FFoQSI_2__VB16-22__bin.17.fa,745_1,92.71825042591611
MASTER_WP4_CSIC_2__P2588__bin.45.fa,746_1,99.51717981812625
MASTER_WP4_UNINA_1__GO102_71775__bin.42.fa,747_0,90.48059504615604
MASTER_WP4_TEAGASC_1__TGS15-30__bin.15.fa,748_0,77.33976590454486
MASTER_WP4_FFoQSI_1__VB-08-AG__bin.20.fa,749_1,91.93714793597924
ODFM-BA-A-0156-001_Mycetocola_reblochoni_JCM_30549.fa,750_1,90.96426572129417
MASTER_WP4_UNINA_2__V-29__bin.29.fa,751_0,68.93314804018453
MAG_3.fa,752_1,72.01401961540186
LeechJ_xxxx__AF59__bin.16.fa,753_0,95.47433990693833
DeFilippisF_xxxx__DF_114__bin.22.fa,754_1,93.62501466164905
MAG_323.fa,755_1,102.3650700046847
MASTER_WP4_UNINA_2__V-29__bin.1.fa,756_0,70.87516191730934
YangC_2021__SRR13259376__bin.8.fa,757_1,98.85253383177296
MASTER_WP4_CSIC_2__P2558__bin.5.fa,758_1,88.61101144644859
YangC_2021__SRR13259372__bin.15.fa,759_1,97.04483438850598
DeFilippisF_xxxx__DF_100__bin.1.fa,760_1,89.62802176419268
AlvarezOrdonezA_xxxx__C06-19__bin.13.fa,760_2,89.0125659810546
MASTER_WP4_TEAGASC_1__TGS15-30__bin.30.fa,761_0,77.3360995100243
ODFM-BA-A-0141-001_Corynebacterium_flavescens_CCUG_28791T.fa,762_1,102.40125157993928
LeechJ_xxxx__AF59__bin.3.fa,763_1,75.31072983708376
LeechJ_xxxx__AF06__bin.4.fa,764_0,83.34342507310326
AlvarezOrdonezA_xxxx__C07-19__bin.10.fa,765_0,67.8480193816935
AlvarezOrdonezA_xxxx__R03-19__bin.7.fa,766_0,66.18841397472406
LeechJ_xxxx__AF45__bin.11.fa,767_0,82.11536279263244
MASTER_WP4_FFoQSI_1__VB-03-M5__bin.22.fa,768_1,97.27420139796597
MASTER_WP4_FFoQSI_1__VB-16-M16__bin.5.fa,769_1,98.29020070747063
MASTER_WP4_TEAGASC_1__TGS12-29__bin.14.fa,769_2,84.12649999638768
MASTER_WP4_FFoQSI_1__VB-08-BD__bin.8.fa,770_0,42.15147456910329
MASTER_WP4_TEAGASC_1__TGS15-30__bin.7.fa,771_0,64.81270761854212
AlvarezOrdonezA_xxxx__Q07-30__bin.12.fa,772_1,96.92516342809587
MASTER_WP4_FFoQSI_1__VB14-F-BR__bin.39.fa,773_1,101.88500878442859
MASTER_WP4_FFoQSI_1__KM-1D__bin.27.fa,774_1,98.05164738364182
QuijadaN_2022__ERR7245780__bin.14.fa,775_1,99.69479023957363
MASTER_WP4_FFoQSI_2__VB01-30__bin.8.fa,776_1,87.85226068770424
MASTER_WP4_FFoQSI_2__VB16-30__bin.11.fa,777_0,78.14172505570218
MASTER_WP4_TEAGASC_1__TGS05-30_0__bin.3.fa,778_1,96.79080397918402
MASTER_WP4_CSIC_2__P2517__bin.19.fa,779_1,62.955669903482864
ODFM-BA-A-0110-001_Corynebacterium_nuruki_S6-4.fa,779_2,98.38352346914257
MASTER_WP4_CSIC_2__P2570__bin.32.fa,780_1,102.2726280550302
DeFilippisF_xxxx__DS_2__bin.17.fa,781_1,92.38732437569298
MAG_487.fa,782_0,98.05875991261921
MASTER_WP4_TEAGASC_1__TGS11-30__bin.13.fa,783_1,98.45539972132977
MASTER_WP4_TEAGASC_1__TGS04-30__bin.1.fa,784_1,98.88801286189779
FalardeauJ_2023__SRR20811223__bin.4.fa,785_1,101.48145899597503
LeechJ_xxxx__AF11__bin.2.fa,786_0,87.00252290479739
LeechJ_xxxx__AF45__bin.5.fa,787_0,86.65117658879068
MASTER_WP4_FFoQSI_1__VB-15-M10__bin.14.fa,788_1,101.27729244426646
MASTER_WP4_FFoQSI_2__VB06-30__bin.8.fa,789_1,94.56199607856612
MASTER_WP4_FFoQSI_1__VB-15-BD__bin.9.fa,789_2,74.54962251675721
KharnaiorP_2023__SRR22859377__bin.19.fa,790_1,93.12179775882142
ODFM-BA-A-0108-002_Brachybacterium_squillarum_M-6-3T.fa,791_0,101.42402230166724
DeFilippisF_xxxx__DF_4__bin.22.fa,792_1,57.24066399883699
MASTER_WP4_CSIC_2__P2570__bin.13.fa,793_1,86.86456878092426
MASTER_WP4_FFoQSI_2__VB11-29__bin.23.fa,793_2,95.08335501208661
MASTER_WP4_FFoQSI_3__VB15-29__bin.33.fa,794_0,35.246683586235
MASTER_WP4_TEAGASC_1__TGS13-22__bin.5.fa,795_0,95.97532008451213
183.fa,796_1,98.30488552496197
MASTER_WP4_FFoQSI_3__VB13-29__bin.20.fa,797_1,91.93908241910033
MASTER_WP4_TEAGASC_1__TGS13-29__bin.11.fa,798_1,97.614349683806
WolfeBE_2014__771_Tarentaise__bin.3.fa,799_1,98.07833744371857
AlvarezOrdonezA_xxxx__Q03-30__bin.1.fa,799_2,99.61083183745156
WolfeBE_2014__491_Bayley__bin.8.fa,800_1,99.411136152559
MAG_377.fa,800_2,10.417945568200892
MAG_461.fa,800_3,19.395792527092595
MASTER_WP4_CSIC_2__P2588__bin.23.fa,801_0,59.29811790500811
MASTER_WP4_UNINA_1__MV011_71775__bin.1.fa,802_0,84.87017936001422
ODFM-BA-A-0208-003_Brachybacterium_kimchii_CBA3104.fa,803_0,94.7659646695231
MASTER_WP4_FFoQSI_3__VB13-30__bin.32.fa,804_1,93.8954394140428
AlvarezOrdonezA_xxxx__Q07-29__bin.1.fa,805_1,95.2634684604242
MASTER_WP4_TEAGASC_1__TGS14-30__bin.33.fa,806_1,73.27885433243918
MASTER_WP4_FFoQSI_1__VB-15-M10__bin.12.fa,807_1,93.58478038215962
MASTER_WP4_FFoQSI_1__VB-05-BD__bin.19.fa,808_1,91.30879785520828
MASTER_WP4_FFoQSI_3__VB13-30__bin.31.fa,809_1,98.41603431915277
PothakosV_2020__ERS2068300__bin.15.fa,810_1,96.779020530342
MASTER_WP4_FFoQSI_1__KM-2D__bin.24.fa,811_1,99.31461267823728
MASTER_WP4_FFoQSI_1__VB-05-AD__bin.33.fa,812_1,95.42916998880233
AlvarezOrdonezA_xxxx__C05-18__bin.6.fa,813_0,61.163880006666425
We5_bin.circ.8.fa,814_0,100.86534618599792
We6_bin.circ.8.fa,815_0,92.86791184652688
YulandiA_2020__SRS6115053__bin.17.fa,816_0,87.34169160759751
MASTER_WP4_TEAGASC_1__TGS15-30__bin.32.fa,817_0,96.31060343888605
MASTER_WP4_TEAGASC_1__TGS15-30__bin.8.fa,818_0,65.68743861368566
MASTER_WP4_FFoQSI_1__VB-09-M7__bin.64.fa,819_0,65.41511915466589
MASTER_WP4_FFoQSI_1__VB-09-M7__bin.36.fa,820_1,72.20232597079568
MASTER_WP4_FFoQSI_3__VB13-29__bin.48.fa,821_1,97.99996145701778
LeechJ_xxxx__AF59__bin.5.fa,822_0,87.51682255642584
AlvarezOrdonezA_xxxx__Q07-30__bin.14.fa,823_1,85.82579910293867
MASTER_WP4_FFoQSI_1__VB-05-BG__bin.13.fa,824_1,87.30788378174317
MASTER_WP4_CSIC_2__P2517__bin.14.fa,825_0,71.68105082191852
MASTER_WP4_FFoQSI_1__VB-09-M7__bin.47.fa,826_0,80.5341915326426
ODFM-BA-A-0080-002_Microbacterium_sp._CBA3102.fa,827_0,98.78475715363095
AlvarezOrdonezA_xxxx__Q02-23__bin.9.fa,828_1,78.09683662458352
MASTER_WP4_CSIC_2__P2517__bin.2.fa,829_0,92.79249739665205
LiZ_2018__SRS2920551__bin.18.fa,830_1,69.66870434783348
LiZ_2018__SRS2920550__bin.7.fa,831_1,66.3937063640994
MASTER_WP4_FFoQSI_1__VB-12D__bin.11.fa,832_1,101.53910137005018
MASTER_WP4_TEAGASC_1__TGS04-28__bin.25.fa,833_1,90.02069737034853
MASTER_WP4_FFoQSI_2__VB06-30__bin.23.fa,834_1,88.1431777293932
MASTER_WP4_FFoQSI_1__VB12-F-AR__bin.1.fa,835_1,99.03481498451379
MASTER_WP4_FFoQSI_3__VB13-29__bin.36.fa,836_1,94.55563348101775
160.fa,837_1,100.0532420668905
MASTER_WP4_UNINA_1__TA011_71775__bin.10.fa,837_2,67.57432525239285
C-R13.bin.1.fa,838_0,88.7314347938576
MotaGutierrezJ_2021__SRR11602150__bin.4.fa,839_1,82.41931976172303
MASTER_WP4_FFoQSI_1__VB-16-M15__bin.31.fa,840_1,96.81543922374918
MASTER_WP4_CSIC_2__P2517__bin.13.fa,841_0,98.2659057701775
MASTER_WP4_CSIC_2__P2517__bin.25.fa,842_0,98.78055093626499
C-R02.bin.1.fa,843_0,89.08632574703223
FalardeauJ_2023__SRR20811224__bin.5.fa,844_0,65.64871916135148
LeechJ_xxxx__AF59__bin.15.fa,845_0,83.0174093586406
CM_UNINA_FFOOD__FFOOD_286__bin.4.fa,846_1,99.29284801675908
AlvarezOrdonezA_xxxx__C05-18__bin.20.fa,847_0,39.28868781740212
MASTER_WP4_FFoQSI_3__VB07-22__bin.11.fa,848_0,74.94090707047762
MASTER_WP4_TEAGASC_1__TGS15-30__bin.4.fa,849_0,81.95952252492745
MASTER_WP4_FFoQSI_2__VB10-22__bin.20.fa,850_1,101.64211295398837
MASTER_WP4_UNINA_2__O-30__bin.2.fa,851_1,96.19743029740677
MASTER_WP4_FFoQSI_2__VB16-22__bin.7.fa,851_2,101.08440280661557
MASTER_WP4_FFoQSI_1__RC17-02__bin.9.fa,851_3,57.34252823299577
MASTER_WP4_FFoQSI_1__VB-05-BD__bin.48.fa,852_1,91.75342596614053
MortensenS_xxxx__WK041-2-G-48h-04B8_S117__bin.1.fa,853_1,91.44966149612944
LeechJ_2020__ERS3967734__bin.7.fa,853_2,44.527572262623146
MASTER_WP4_UNINA_1__FI010_71775__bin.25.fa,854_0,86.31874186459919
MAG_2.fa,855_0,83.04538912580627
MotaGutierrezJ_2021__SRR11602149__bin.27.fa,856_0,89.15617085816287
MASTER_WP4_FFoQSI_1__VB-09-M8__bin.3.fa,857_1,94.07160034702453
MASTER_WP4_FFoQSI_2__VB16-30__bin.31.fa,858_1,97.86158273247032
MASTER_WP4_FFoQSI_2__VB16-30__bin.16.fa,859_0,82.77926456775418
MASTER_WP4_TEAGASC_1__TGS12-29__bin.35.fa,860_0,88.83106683539096
ODFM-BA-A-0107-002_Dietzia_alimentaria_72T.fa,861_0,101.12722989148841
MASTER_WP4_FFoQSI_1__VB-08-AG__bin.53.fa,862_1,87.374261034738
DeFilippisF_xxxx__DF_11__bin.15.fa,863_0,59.099989419186656
MASTER_WP4_FFoQSI_3__VB13-29__bin.32.fa,864_1,100.0756878678444
C-R09.bin.5.fa,865_1,102.48817741130085
MASTER_WP4_CSIC_2__P2517__bin.16.fa,866_0,99.61649976532698
MASTER_WP4_CSIC_2__P2517__bin.17.fa,867_1,98.78036889079901
LeechJ_2020__ERS3967734__bin.8.fa,868_0,87.7211706153941
CM_UNINA_FFOOD__FFOOD_408__bin.5.fa,869_1,101.32808823417206
C-R06.bin.5.fa,870_0,62.86347293424343
MASTER_WP4_CSIC_1__P2172_73322__bin.4.fa,871_1,100.27966333379702
MortensenS_xxxx__WK061-2-G-48h-05H4_S119__bin.2.fa,872_1,96.49160818253262
LeechJ_2020__ERS3967715__bin.1.fa,873_0,97.22316823591733
CM_UNINA_FFOOD__FFOOD_326__bin.13.fa,874_0,84.80990479951068
ZhaoCC_2020__SRS5803193__bin.14.fa,875_1,82.62507784602003
FalardeauJ_2023__SRR20811275__bin.8.fa,876_1,74.45946365568201
DeFilippisF_xxxx__DF_59__bin.18.fa,876_2,38.85873574847959
ODFM-BA-A-0157-001_Morganella_morganii_FAM24091.fa,877_0,101.65920866581651
LopezSanchezR_2023__SRR13708567__bin.4.fa,878_1,94.622146129979
CM_UNINA_FFOOD__FFOOD_282__bin.13.fa,879_0,82.15039388808295
EBC_133.12.fa,880_0,90.29044810803747
ZhaoCC_2020__SRS5803195__bin.38.fa,881_0,63.483020195866615
YasirM_2022__SRR18335007__bin.3.fa,882_1,68.81175278883784
EBC_089.16.fa,883_1,95.7656921462792
MacoriG_2019__CS_R4__bin.7.fa,884_1,101.75410270678867
MAG_8.fa,885_1,102.84546834861742
C-R06.bin.10.fa,885_2,87.20159884627286
LimaC_2020__SRR9640353__bin.23.fa,886_1,78.86517483837102
MAG_200.fa,887_0,10.073162717195038
EBC_113.1.fa,888_1,96.15750016727861
LimaC_2020__SRR9640346__bin.27.fa,888_2,56.123447097551164
EBC_035.5.fa,889_0,53.656369413736336
LimaC_2020__SRR9640355__bin.24.fa,890_0,46.6265157475512
GCF_011067265.1_ASM1106726v1_genomic.fa,891_0,100.67305069890598
LeechJ_2020__ERS3967715__bin.8.fa,892_0,100.11014615919339
AlvarezOrdonezA_xxxx__C02-19__bin.1.fa,893_1,66.8411052029353
MAG_197.fa,893_2,53.825058176575496
AlvarezOrdonezA_xxxx__Q04-21__bin.16.fa,894_1,100.7207609344454
LeechJ_2020__ERS3967699__bin.1.fa,895_0,97.78215013441924
LeechJ_2020__ERS3967711__bin.13.fa,896_1,89.76986817654088
ChaconVargasK_2020__SRS6087088__bin.16.fa,897_0,51.15747201439651
EBC_147.23.fa,898_0,74.72759580097602
FalardeauJ_2023__SRR20811137__bin.9.fa,899_1,101.99332319327553
Wy2_bin.circ.3.fa,900_1,101.69849614812436
MASTER_WP4_CSIC_2__P2587__bin.8.fa,900_2,85.83316774640004
FalardeauJ_2023__SRR20811283__bin.7.fa,900_3,101.66460711546969
AlvarezOrdonezA_xxxx__Q03-21__bin.9.fa,901_1,75.63036363948781
SEM_47_S64.44.fa,901_2,64.06188300006697
AlvarezOrdonezA_xxxx__Q02-27__bin.12.fa,902_0,88.8284671643724
MASTER_WP4_UNINA_2__O-25.1__bin.19.fa,903_0,78.27089260926452
LimaC_2020__SRR9640355__bin.30.fa,904_1,100.72656962422381
GCF_900187015.1_50465_F01_genomic.fa,904_2,101.36841773631565
MASTER_WP4_TEAGASC_1__TGS08-29__bin.64.fa,905_1,98.16566350153975
We6_bin.full.92.fa,906_1,97.0343864545308
MASTER_WP4_CSIC_2__P2584__bin.4.fa,907_0,94.35923023967099
XieM_2019__SAMC044639__bin.32.fa,908_1,90.57187315777261
SEM_44_S61.1.fa,908_2,96.21062399669827
MotaGutierrezJ_2021__SRR11602150__bin.23.fa,909_0,57.579344443345065
EBC_140.10.fa,910_0,45.81700058384078
LimaC_2020__SRR9640355__bin.26.fa,911_1,60.37958915535605
MotaGutierrezJ_2021__SRR11602140__bin.22.fa,912_1,65.34142885514574
MASTER_WP4_CSIC_2__P2623__bin.59.fa,913_0,65.89998375369558
MAG_331.fa,914_0,18.0340081705946
EBC_144.5.fa,915_1,60.39343904831543
LeechJ_xxxx__AF73__bin.2.fa,915_2,90.41010182599527
LeechJ_xxxx__AF73__bin.1.fa,916_0,88.56442496704372
EBC_082.15.fa,917_1,72.5189161574471
LeechJ_xxxx__AF74__bin.1.fa,917_2,69.62335145578915
LeechJ_xxxx__AF76__bin.15.fa,918_1,78.51003587434798
P.1_bin.1.fa,918_2,96.86511017662743
LeechJ_2020__ERS3967688__bin.2.fa,919_1,101.76565691893528
MAG_426.fa,920_1,100.5899660949753
XieM_2019__SAMC044639__bin.31.fa,920_2,68.19308908566138
EBC_031.14.fa,921_0,57.714695003322454
CM_UNINA_FFOOD__FFOOD_289__bin.32.fa,922_1,75.04247692321002
LeechJ_xxxx__AF84__bin.30.fa,923_1,97.85165096481808
LeechJ_2020__ERS3967707__bin.4.fa,923_2,72.41697438302235
AlvarezOrdonezA_xxxx__Q04-21__bin.11.fa,924_0,79.52453173300525
FontanaF_2023__SRR20746854__bin.2.fa,925_1,102.25888772723695
XieM_2019__SAMC044639__bin.9.fa,925_2,97.81669722297866
DeFilippisF_xxxx__DF_79__bin.11.fa,926_1,84.58142473115052
FontanaF_2023__SRR20746869__bin.1.fa,926_2,64.2074205975317
LeechJ_xxxx__AF89__bin.7.fa,926_3,70.58132003753387
LiZ_2019__SRS3379157__bin.3.fa,926_4,97.58153220016779
YouL_2022__SRR13308526__bin.24.fa,927_0,70.27143180811986
MAG_183.fa,928_0,83.16396110336525
MAG_579.fa,929_0,36.553487569433926
MASTER_WP4_CSIC_2__P2596__bin.6.fa,930_1,96.2087903874812
LeechJ_2020__ERS3967701__bin.1.fa,931_0,98.50230973184107
MAG_6.fa,932_1,63.524741832842764
EBC_134.7.fa,932_2,86.11029461784004
MAG_19.fa,932_3,99.15421988952576
FontanaF_2023__SRR20746851__bin.6.fa,933_1,96.62621991316936
EBC_134.6.fa,933_2,93.30732611097069
MASTER_WP4_CSIC_2__P2587__bin.9.fa,934_1,97.85511384081057
AlvarezOrdonezA_xxxx__Q02-30__bin.22.fa,935_1,88.09517915447175
YulandiA_2020__SRS6115053__bin.6.fa,936_0,52.66483608259839
EBC_080.1.fa,937_0,80.41686567286905
WolfeBE_2014__932_Robiola_due_Latte__bin.6.fa,938_0,92.84105560816265
EBC_095.37.fa,939_0,60.066514327192955
EBC_140.1.fa,940_0,93.65015411983501
LeechJ_xxxx__AF27__bin.4.fa,941_0,42.49070269379024
LiZ_2018__SRS2920550__bin.22.fa,942_1,96.07229986459389
CM_UNINA_FFOOD__FFOOD_251__bin.10.fa,943_1,95.16095572499601
MASTER_WP4_UNINA_2__V-21__bin.24.fa,943_2,75.38027769743115
CM_UNINA_FFOOD__FFOOD_260__bin.12.fa,944_1,98.15951937414948
AlvarezOrdonezA_xxxx__R01-19__bin.1.fa,944_2,62.10159538141064
MAG_16.fa,945_0,96.5699963963943
MAG_98.fa,946_0,64.14321715981447
LeechJ_2020__ERS3967715__bin.5.fa,947_1,88.90756658245004
MAG_549.fa,948_0,97.69022205742006
MASTER_WP4_FFoQSI_1__DC18-032__bin.18.fa,949_1,98.89097644598272
MAG_161.fa,950_0,99.5257519202613
MAG_484.fa,951_1,86.97852687923496
MASTER_WP4_FFoQSI_1__VB-05-BD__bin.32.fa,951_2,73.45982673001383
MASTER_WP4_FFoQSI_1__RC17-F-AR__bin.31.fa,952_1,77.18258029989664
MASTER_WP4_FFoQSI_1__VB-12D__bin.20.fa,953_1,98.8774654383157
WolfeBE_2014__679_Raclette__bin.1.fa,953_2,58.92616369473267
MASTER_WP4_FFoQSI_1__VB-06-AD__bin.22.fa,954_1,96.82691977795379
MASTER_WP4_FFoQSI_1__RC17-F-BR__bin.8.fa,954_2,80.94539913607574
MASTER_WP4_TEAGASC_1__TGS13-22__bin.32.fa,955_0,61.248950595616996
LeechJ_xxxx__AF55__bin.6.fa,956_0,84.69661718086219
MASTER_WP4_FFoQSI_1__RC17-032__bin.3.fa,957_1,87.98758405458615
AlvarezOrdonezA_xxxx__Q07-22__bin.15.fa,958_0,91.67500892909281
MASTER_WP4_CSIC_1__P2136_73322__bin.3.fa,959_0,93.75097170442106
LeechJ_2020__ERS3967688__bin.4.fa,960_0,65.20181845114544
MASTER_WP4_CSIC_1__P2235_73323__bin.20.fa,961_1,68.25463387987003
YulandiA_2020__SRS6115052__bin.2.fa,962_0,95.20813172240017
DeFilippisF_xxxx__DS_112__bin.21.fa,963_1,97.91703352797532
MAG_482.fa,964_0,94.51691498814476
LeechJ_2020__ERS3967690__bin.3.fa,965_0,65.3858695188442
SEM_41_S58.18.fa,966_0,68.35595499021005
FalardeauJ_2023__SRR20811134__bin.11.fa,967_1,98.71008997643258
GCF_900618535.1_TH39_genomic.fa,968_1,102.07583478706478
MASTER_WP4_TEAGASC_1__TGS07-21__bin.8.fa,968_2,69.26825065692123
MASTER_WP4_UNINA_1__ST007_71775__bin.7.fa,969_1,85.54249895857937
MagliuloR_2024__SRR28235345__bin.5.fa,970_0,45.275094953142776
MASTER_WP4_UNINA_1__CS001_71775__bin.6.fa,971_1,92.21691601518725
WalshL_xxxx__D9__bin.6.fa,972_1,96.53476424531313
YasirM_2022__SRR18335007__bin.1.fa,972_2,52.40479540111165
LeechJ_2020__ERS3967699__bin.2.fa,973_0,97.72100909794047
FontanaF_2023__SRR20746974__bin.3.fa,974_0,57.40667428437454
CM_UNINA_FFOOD__FFOOD_277__bin.14.fa,975_1,38.83585993869952
OlgaP_2019__SRR11909887__bin.1.fa,976_1,100.54015426027992
MASTER_WP4_CSIC_1__P2184_73322__bin.5.fa,976_2,93.73656906921111
DeFilippisF_xxxx__DF_28__bin.4.fa,976_3,90.66707959918806
FontanaF_2023__SRR20746861__bin.10.fa,976_4,51.79443847640395
LiZ_2018__SRS2920554__bin.7.fa,977_1,96.742548127611
MASTER_WP4_TEAGASC_1__TGS09-25__bin.2.fa,978_1,95.01230217724503
CM_UNINA_FFOOD__FFOOD_266__bin.6.fa,978_2,73.69076534670153
AlvarezOrdonezA_xxxx__Q04-26__bin.13.fa,979_1,82.71592003784525
AlvarezOrdonezA_xxxx__C02-19__bin.3.fa,979_2,76.39057426099872
MASTER_WP4_CSIC_1__P2224_73323__bin.3.fa,979_3,38.0291319424497
MASTER_WP4_UNINA_1__AS107_71775__bin.1.fa,979_4,78.3099917433917
LeechJ_xxxx__AF54__bin.1.fa,979_5,98.23824118920504
MASTER_WP4_CSIC_2__P2502__bin.5.fa,979_6,49.913209539709165
LeechJ_2020__ERS3967699__bin.4.fa,980_0,59.38434755376255
LeechJ_2020__ERS3967699__bin.8.fa,981_0,54.02539381865419
DeFilippisF_xxxx__DF_16__bin.4.fa,982_0,74.49135381309985
DeFilippisF_xxxx__DS_111__bin.1.fa,983_1,89.90986119401978
MASTER_WP4_UNINA_2__O-25.1__bin.33.fa,984_1,91.56624264314986
WolfeBE_2014__932_Robiola_due_Latte__bin.1.fa,985_1,78.11436191573021
YulandiA_2020__SRS6115053__bin.26.fa,986_0,83.33222656954149
DeFilippisF_xxxx__DS_111__bin.14.fa,987_1,89.98094593081304
CM_UNINA_FFOOD__FFOOD_277__bin.12.fa,988_1,68.63884174261895
MAG_333.fa,989_0,52.71941249446895
MASTER_WP4_CSIC_2__P2633__bin.16.fa,990_0,95.54228792822491
LeechJ_xxxx__AF27__bin.5.fa,991_0,59.813017883536816
MASTER_WP4_TEAGASC_1__TGS04-29__bin.9.fa,992_1,98.11955273616536
MAG_465.fa,992_2,26.95351681992113
ODFM-BA-A-0142-001_Halomonas_nigrificans_MBT_G8648.fa,993_0,96.60321698764109
AlvarezOrdonezA_xxxx__Q05-22__bin.1.fa,994_1,80.75031384177828
MASTER_WP4_FFoQSI_1__VB-09-BD__bin.29.fa,995_1,96.25347367407211
We6_bin.full.31.fa,995_2,101.17297056987918
MASTER_WP4_FFoQSI_1__VB-14D__bin.48.fa,996_1,97.74897640254525
MASTER_WP4_FFoQSI_3__VB14-22__bin.47.fa,996_2,69.8546415409876
MASTER_WP4_TEAGASC_1__TGS11-22__bin.20.fa,997_1,99.08170377011099
MASTER_WP4_TEAGASC_1__TGS13-22__bin.7.fa,997_2,93.89886314513485
MASTER_WP4_TEAGASC_1__TGS01-22__bin.14.fa,998_0,51.907016246859385
AlvarezOrdonezA_xxxx__Q06-22__bin.1.fa,999_0,95.56579135779435
MASTER_WP4_CSIC_1__P2134_73322__bin.2.fa,1000_0,48.68568013211271
FalardeauJ_2023__SRR20811293__bin.2.fa,1001_1,100.72794929305442
MASTER_WP4_CSIC_2__P2591__bin.6.fa,1002_1,98.00263631543147
MASTER_WP4_CSIC_1__P2147_73322__bin.24.fa,1003_0,86.52253751751165
MASTER_WP4_TEAGASC_1__TGS11-22__bin.13.fa,1004_0,88.14732105479098
AlvarezOrdonezA_xxxx__Q08-22__bin.21.fa,1005_1,78.96452842175748
MASTER_WP4_TEAGASC_1__TGS11-22__bin.7.fa,1006_0,96.22505562470178
MASTER_WP4_CSIC_1__P2137_73322__bin.27.fa,1007_0,57.352540752564664
MAG_82.fa,1008_1,99.42991191828905
MASTER_WP4_FFoQSI_1__VB-03-M6__bin.13.fa,1008_2,89.62728443784927
DeFilippisF_xxxx__DF_11__bin.27.fa,1009_0,46.70338157679291
MASTER_WP4_FFoQSI_3__VB07-30__bin.45.fa,1010_1,93.03585903834691
MASTER_WP4_CSIC_1__P2134_73322__bin.24.fa,1011_1,95.4659204991708
MASTER_WP4_FFoQSI_1__RC17-F-BR__bin.3.fa,1012_1,93.86422458024768
MASTER_WP4_FFoQSI_2__VB11-30__bin.19.fa,1013_1,100.39666053874484
MAG_35.fa,1013_2,102.11873783495736
MASTER_WP4_FFoQSI_3__VB07-22__bin.12.fa,1014_0,78.53506540844766
MASTER_WP4_CSIC_1__P2136_73322__bin.21.fa,1015_0,72.56724348487981
MASTER_WP4_CSIC_1__P2137_73322__bin.46.fa,1016_0,51.88399529237567
LeechJ_xxxx__AF17__bin.5.fa,1017_0,85.25155011016801
MASTER_WP4_TEAGASC_1__TGS14-22__bin.12.fa,1018_0,90.50365686865244
MASTER_WP4_TEAGASC_1__TGS14-22__bin.17.fa,1019_0,69.86911553876
MASTER_WP4_CSIC_1__P2134_73322__bin.18.fa,1020_1,83.45450146259674
MAG_159.fa,1021_1,77.96962592289613
MASTER_WP4_FFoQSI_1__VB-16-BD__bin.61.fa,1021_2,80.37705739249301
AlvarezOrdonezA_xxxx__Q06-22__bin.2.fa,1022_1,94.77705214862505
GCF_023091965.1_ASM2309196v1_genomic.fa,1022_2,97.75600788952515
GCF_023061185.1_ASM2306118v1_genomic.fa,1022_3,97.44215129653952
AlvarezOrdonezA_xxxx__Q05-22__bin.7.fa,1022_4,58.92249639139212
EBC_084.33.fa,1022_5,48.002849341731135
AlvarezOrdonezA_xxxx__Q06-22__bin.6.fa,1023_0,65.89581829318247
EBC_098.8.fa,1024_0,68.60532519043196
MASTER_WP4_TEAGASC_1__TGS11-22__bin.10.fa,1025_1,87.0375318612025
MASTER_WP4_TEAGASC_1__TGS07-22__bin.5.fa,1026_0,89.7635758638411
MASTER_WP4_CSIC_1__P2134_73322__bin.7.fa,1027_0,75.48411294461555
MASTER_WP4_TEAGASC_1__TGS11-22__bin.4.fa,1028_0,57.07541976872159
EBC_084.34.fa,1029_0,72.80108062350966
MASTER_WP4_UNINA_2__V-21__bin.42.fa,1030_0,49.91565801938931
XieM_2019__SAMC044639__bin.26.fa,1031_0,48.29947504606861
MotaGutierrezJ_2021__SRR11602152__bin.2.fa,1032_1,100.55659403153982
MAG_140.fa,1032_2,62.57644892305778
DeFilippisF_xxxx__DS_112__bin.12.fa,1033_1,99.73146870725174
CM_UNINA_FFOOD__FFOOD_405__bin.12.fa,1033_2,89.89073036558571
GonzalezOrozcoB_2023__SRR19505782__bin.12.fa,1033_3,91.62603481184857
MASTER_WP4_UNINA_2__M-29__bin.23.fa,1033_4,72.95729017168925
SEM_41_S58.19.fa,1033_5,54.696270866320475
DeFilippisF_xxxx__DS_112__bin.19.fa,1034_1,101.6029557853231
XieM_2019__SAMC044639__bin.22.fa,1035_0,89.29031489216209
AlvarezOrdonezA_xxxx__Q01-30__bin.12.fa,1036_1,90.28358885983752
LeechJ_xxxx__AF84__bin.10.fa,1037_0,93.68151744220503
MAG_629.fa,1038_1,91.9916225098745
MAG_52.fa,1039_1,89.88507046409612
MASTER_WP4_CSIC_2__P2517__bin.38.fa,1040_0,86.61886504506087
MASTER_WP4_UNINA_1__SC012_71775__bin.18.fa,1041_1,97.06970082820074
MASTER_WP4_UNINA_1__SC012_71775__bin.8.fa,1042_0,66.42791850158498
LimaC_2020__SRR9640352__bin.14.fa,1043_1,102.03575379890793
CM_UNINA_FFOOD__FFOOD_312__bin.3.fa,1044_1,83.32178886223332
MASTER_WP4_TEAGASC_1__TGS15-30__bin.24.fa,1044_2,49.9190464815755
MAG_160.fa,1045_0,49.16752382066998
MAG_547.fa,1046_0,74.07566112262141
MASTER_WP4_CSIC_1__P2134_73322__bin.19.fa,1047_0,95.95158220638032
MASTER_WP4_CSIC_1__P2137_73322__bin.43.fa,1048_0,93.29709374464412
MASTER_WP4_CSIC_1__P2137_73322__bin.3.fa,1049_0,93.93245161185703
MASTER_WP4_CSIC_1__P2137_73322__bin.39.fa,1050_0,93.03514763303903
MASTER_WP4_CSIC_1__P2137_73322__bin.16.fa,1051_0,89.89574311638349
MASTER_WP4_TEAGASC_1__TGS15-30__bin.9.fa,1052_1,93.5454801619208
MAG_529.fa,1053_0,96.17174169853591
MASTER_WP4_TEAGASC_1__TGS15-30__bin.20.fa,1054_0,98.83575980466105
LeechJ_2020__ERS3967740__bin.7.fa,1055_1,102.40795595281152
MASTER_WP4_UNINA_1__PM007_71775__bin.9.fa,1056_0,99.69232566265602
MASTER_WP4_UNINA_2__E-22__bin.8.fa,1057_1,93.61651797219317
MAG_1.fa,1058_0,92.29865312553409
MAG_367.fa,1059_0,30.973866526266633
ArikanM_2020__ERS1939655__bin.3.fa,1060_1,100.79862803042616
MAG_371.fa,1061_0,96.24001893696042
YulandiA_2020__SRS6115053__bin.3.fa,1062_1,75.43896429764663
MASTER_WP4_TEAGASC_1__TGS15-30__bin.27.fa,1063_0,97.18206206115451
MASTER_WP4_UNINA_1__PA207_73417__bin.7.fa,1064_0,83.92011594701196
XieM_2019__SAMC044639__bin.20.fa,1065_0,100.5942886023252
LeechJ_2020__ERS3967716__bin.4.fa,1066_1,96.04509577478376
LiZ_2018__SRS2920551__bin.21.fa,1067_1,99.9542016098918
LiZ_2018__SRS2920550__bin.9.fa,1068_1,87.07165018127645
MAG_31.fa,1069_0,82.0809203608658
MortensenS_xxxx__WK018T-1-G-00h-05I7_S131__bin.4.fa,1070_1,102.6620961206825
MortensenS_xxxx__WK043-2-L-48h-03G7_S80__bin.1.fa,1071_1,98.22926316228956
MortensenS_xxxx__WK042-1-L-48h-03G1_S74__bin.2.fa,1072_1,102.80944317352277
MortensenS_xxxx__WK045-1-L-48h-03H4_S86__bin.3.fa,1073_1,87.69570200445638
MortensenS_xxxx__WK041-2-G-48h-04B8_S117__bin.4.fa,1074_1,89.38404786983116
MortensenS_xxxx__WK010-2-L-48h-02A4_S64__bin.9.fa,1075_1,87.0937155355358
MAG_502.fa,1076_1,102.78114018103342
PasolliE_2020__SRS6525478__bin.8.fa,1077_1,72.20191755956887
LeechJ_2020__ERS3967706__bin.3.fa,1078_1,101.55161699682401
PatroJN_2016__SRS1044732__bin.6.fa,1078_2,52.24755350734661
MAG_354.fa,1079_0,101.87784096176578
PatroJN_2016__SRS1044732__bin.3.fa,1080_0,94.43453775050995
MortensenS_xxxx__WK012-2-G-48h-01D6_S12__bin.7.fa,1081_1,82.64887760984132
CM_UNINA_FFOOD__FFOOD_296__bin.3.fa,1082_1,101.4418991254226
MortensenS_xxxx__WK018-2-L-08h-02D8_S95__bin.5.fa,1083_1,96.0632432272742
CM_UNINA_FFOOD__FFOOD_290__bin.1.fa,1084_1,101.2136779143902
EBC_040.8.fa,1085_0,78.37143295986083
MAG_307.fa,1086_0,52.061715682573336
DeFilippisF_xxxx__DF_42__bin.14.fa,1087_0,98.36360380223765
MASTER_WP4_UNINA_2__V-25.1__bin.6.fa,1088_1,99.70716880644984
MAG_329.fa,1089_1,54.7899088712533
MASTER_WP4_UNINA_2__V-26.1__bin.11.fa,1090_0,52.9508630811097
KharnaiorP_2023__SRR22859377__bin.2.fa,1091_1,74.44480163546105
MAG_542.fa,1092_0,90.81552894721715
LeechJ_xxxx__AF59__bin.8.fa,1093_0,65.53974355221773
LeechJ_xxxx__AF59__bin.1.fa,1094_0,68.16607332569805
OlgaP_2019__SRR11910536__bin.9.fa,1095_1,101.75858334207071
LimaC_2020__SRR9646966__bin.12.fa,1096_1,88.56266104758573
ArikanM_2020__ERS1939593__bin.5.fa,1096_2,100.47944794737457
GCF_003403295.1_ASM340329v1_genomic.fa,1097_1,102.38628775214497
MortensenS_xxxx__WK004-2-L-48h-01G7_S40__bin.2.fa,1098_1,102.35905616479327
GCF_000817255.2_ASM81725v2_genomic.fa,1099_1,90.01941567293457
OlgaP_2019__SRR11909888__bin.7.fa,1099_2,99.85092583510556
ArikanM_2020__ERS1939580__bin.2.fa,1100_1,101.35255044701442
LeechJ_2020__ERS3967723__bin.17.fa,1100_2,80.17614438972356
MAG_148.fa,1100_3,23.189460946955673
GCF_003207865.1_ASM320786v1_genomic.fa,1100_4,101.13092497567561
GCF_011611525.1_ASM1161152v1_genomic.fa,1101_1,103.31584603732185
MAG_356.fa,1102_0,99.81381326262107
LimaC_2020__SRR9640356__bin.14.fa,1103_1,101.47816337844763
MortensenS_xxxx__WK028-1-L-08h-02I7_S17__bin.1.fa,1104_1,99.94475659132512
LeechJ_xxxx__AF31__bin.3.fa,1105_1,102.4313082887146
MortensenS_xxxx__WK001-2-L-48h-01F4_S28__bin.6.fa,1106_1,98.37691906035563
G_24_1A_oryzifermentans_assembly.fa,1107_1,102.7363124768975
GCF_004014775.2_ASM401477v2_genomic.fa,1107_2,103.24340465146017
MortensenS_xxxx__WK032-1-L-48h-03B6_S34__bin.2.fa,1107_3,101.79191417967952
SRR10454511C706_acetobacter_assembly.fa,1107_4,102.6795964877633
DeRoosJ_2020__B9M__bin.4.fa,1107_5,98.315832288686
LeechJ_xxxx__AF51__bin.9.fa,1107_6,42.48795277358135
MortensenS_xxxx__WK040-2-L-48h-03F4_S68__bin.4.fa,1108_1,100.83296583445447
SRR10454486C2703_ghanensis_assembly.fa,1109_1,102.49627873042625
MortensenS_xxxx__WK064-2-L-48h-05A5_S57__bin.10.fa,1110_1,88.47296212873643
MortensenS_xxxx__WK050-1-L-48h-04C8_S126__bin.12.fa,1111_1,62.773826642498584
SRR10454516C127_okinawensis_assembly.fa,1112_1,102.04864181372442
MAG_15.fa,1113_1,101.46828927701053
MortensenS_xxxx__WK030-2-L-48h-03A9_S28__bin.2.fa,1113_2,102.56966381759621
GCF_011516885.1_ASM1151688v1_genomic.fa,1114_1,102.48363887507891
LeechJ_2020__ERS3967724__bin.1.fa,1115_0,94.05711119484472
CM_INJERA__injera_E2__bin.1.fa,1116_1,101.59289926617743
GCF_006539325.1_ASM653932v1_genomic.fa,1117_0,101.64090465009241
G_517_1B_acetobacter_assembly.fa,1118_1,103.00174461921192
MortensenS_xxxx__WK058-1-L-48h-04G6_S31__bin.6.fa,1119_1,99.39706608503407
G_35_1B_malorum_assembly.fa,1120_1,102.87793909853033
SRR10454517C1506_cerevisiae_assembly.fa,1120_2,102.99899090702121
MortensenS_xxxx__WK022-1-L-48h-02F8_S113__bin.6.fa,1120_3,99.92662387066348
MortensenS_xxxx__WK067-1-L-48h-05C1_S71__bin.5.fa,1120_4,102.57293922787007
MortensenS_xxxx__WK027-1-L-48h-02I4_S14__bin.10.fa,1121_1,102.6005746737716
G_361_1B_senegalensis_assembly.fa,1122_1,102.90097313875317
G_275_1B_tropicalis_assembly.fa,1122_2,99.48668849624227
SRR10454491C1008_acetobacter_assembly.fa,1123_1,102.8908862319091
G_514_1B_orientalis_assembly.fa,1124_1,102.94725168990757
WalshL_xxxx__D12__bin.2.fa,1125_0,85.622372057325
GCF_001787355.1_ASM178735v1_genomic.fa,1126_1,97.88057273584364
MotaGutierrezJ_2021__SRR11602143__bin.12.fa,1127_0,46.50257498915995
MortensenS_xxxx__WK038-1-L-48h-03E3_S58__bin.3.fa,1128_1,96.55058851775019
LeechJ_2020__ERS3967728__bin.8.fa,1129_1,102.17783288424552
G_275_3_oxydans_assembly.fa,1130_1,102.32315907710009
LeechJ_2020__ERS3967701__bin.5.fa,1130_2,102.63532982100455
MortensenS_xxxx__WK014-2-L-48h-02C2_S80__bin.8.fa,1130_3,53.46854705566998
LeechJ_2020__ERS3967697__bin.7.fa,1130_4,82.33312865006857
MortensenS_xxxx__WK029-1-L-48h-03A3_S22__bin.5.fa,1131_1,97.6187382926202
MortensenS_xxxx__WK006-1-L-48h-01H4_S46__bin.8.fa,1131_2,100.44878327540361
GCF_015244675.1_ASM1524467v1_genomic.fa,1132_0,101.2079033337105
GCF_007988905.1_ASM798890v1_genomic.fa,1133_0,101.17910665776088
GCF_015244665.1_ASM1524466v1_genomic.fa,1134_1,102.92253476350022
LeechJ_2020__ERS3967690__bin.4.fa,1135_1,99.67613754852589
MortensenS_xxxx__WK038-2-L-48h-03E5_S60__bin.2.fa,1135_2,102.08808359943356
MortensenS_xxxx__WK059-2-L-48h-04H3_S37__bin.8.fa,1135_3,63.13746924372185
MortensenS_xxxx__WK045-2-L-48h-03H6_S88__bin.5.fa,1136_1,93.86837839323105
MortensenS_xxxx__WK037-1-L-48h-03D8_S54__bin.3.fa,1136_2,49.62399566633935
GCF_011516735.1_ASM1151673v1_genomic.fa,1137_0,101.52243372224373
GCF_011516835.1_ASM1151683v1_genomic.fa,1138_0,98.77525848738746
MortensenS_xxxx__WK040-1-L-48h-03F2_S66__bin.3.fa,1139_1,101.69050004448655
GCF_000379545.1_ASM37954v1_genomic.fa,1140_0,102.33315409318377
GCF_011516755.1_ASM1151675v1_genomic.fa,1141_0,100.13167528626074
GCF_007991375.1_ASM799137v1_genomic.fa,1142_0,100.4205726849486
MAG_143.fa,1143_0,52.7098435413092
MASTER_WP4_UNINA_2__M-29__bin.8.fa,1144_0,86.54355161836502
MASTER_WP4_FFoQSI_1__RC17-032__bin.10.fa,1145_0,90.0068457929423
WalshL_xxxx__H3_S87__bin.25.fa,1146_0,64.86776241461725
